name,type_code,type,place,district,state,latitude,longitude,source_id,village_id
Igatpuri,CHC,Community Health Centre,"Borli, IGATPURI",Nashik,MAHARASHTRA,19.635709999889173,73.57099000038609,107,182994
Nandgaon,CHC,Community Health Centre,"Borli, IGATPURI",Nashik,MAHARASHTRA,19.635709999889173,73.57099000038609,108,182994
Ghoti,CHC,Community Health Centre,"Senvad Bk, IGATPURI",Nashik,MAHARASHTRA,19.685840000209087,73.65828999997056,113,183048
Dodi,CHC,Community Health Centre,"Dhondvirnagar, SINNAR",Nashik,MAHARASHTRA,19.788989999194307,74.01535000012649,214,183647
Trimbak,CHC,Community Health Centre,"Bhilmal, TRIMBAKESHWAR",Nashik,MAHARASHTRA,19.885509999902602,73.5336599994097,217,183839
NSKMC Indira Gandhi Hospital,CHC,Community Health Centre,"Torangan, TRIMBAKESHWAR",Nashik,MAHARASHTRA,20.00000000010393,73.47000000016341,219,183861
Yeola,CHC,Community Health Centre,"Chichodi Bk., YEVLA",Nashik,MAHARASHTRA,20.0259799997068,74.42968999998915,220,183890
Harsul,CHC,Community Health Centre,"Shirasgaon, TRIMBAKESHWAR",Nashik,MAHARASHTRA,20.090090000290267,73.40226000022034,222,183851
Nagarsul,CHC,Community Health Centre,"Mamdapur, YEVLA",Nashik,MAHARASHTRA,20.137309999559676,74.59752999967708,224,183920
Lasalgaon,CHC,Community Health Centre,"Vaki Kh, CHANDVAD",Nashik,MAHARASHTRA,20.175069999643817,74.27477000011217,225,182812
Zodga,CHC,Community Health Centre,"Rapali, CHANDVAD",Nashik,MAHARASHTRA,20.236900000463006,74.39740999965505,227,182814
Dindori,CHC,Community Health Centre,"Kadawa Mhalungi, DINDORI",Nashik,MAHARASHTRA,20.244300000164746,73.81660000008301,228,182904
Peint,CHC,Community Health Centre,"Peint, PEINT",Nashik,MAHARASHTRA,20.258447000359077,73.50305299990117,229,183605
Surgana,CHC,Community Health Centre,"Jamale, PEINT",Nashik,MAHARASHTRA,20.3002499999146,73.49055999988755,232,183556
Vani,CHC,Community Health Centre,"Charose, DINDORI",Nashik,MAHARASHTRA,20.335580000754742,73.67512999974636,235,182874
Umrane,CHC,Community Health Centre,"Mahatma Fule Nagar, DEOLA",Nashik,MAHARASHTRA,20.4174499997298,74.3184999998212,238,182834
Girnare,CHC,Community Health Centre,"Mahatma Fule Nagar, DEOLA",Nashik,MAHARASHTRA,20.4174499997298,74.3184999998212,239,182834
Deola,CHC,Community Health Centre,"Bhilwad, DEOLA",Nashik,MAHARASHTRA,20.429979999676256,74.20398000059059,240,182855
Abhona,CHC,Community Health Centre,"Dhekale, KALWAN",Nashik,MAHARASHTRA,20.521290000326232,73.93113999940515,243,183091
Dabhadi,CHC,Community Health Centre,"Patane, MALEGAON",Nashik,MAHARASHTRA,20.537000000015688,74.45660000001389,244,183236
Satana,CHC,Community Health Centre,"Kautikpada, BAGLAN",Nashik,MAHARASHTRA,20.637799999612906,74.17705000047437,246,237156
Dangsaundane,CHC,Community Health Centre,"Kautikpada, BAGLAN",Nashik,MAHARASHTRA,20.6378300005248,74.17707999971326,247,237156
Nampur,CHC,Community Health Centre,"Nampur, BAGLAN",Nashik,MAHARASHTRA,20.74583000014663,74.32859999930906,252,182680
Taharabad,CHC,Community Health Centre,"Taharabad, BAGLAN",Nashik,MAHARASHTRA,20.780710000185667,74.14563999962832,254,182703
Chandgad,CHC,Community Health Centre,"Chandgad, CHANDGAD",Kolhapur,MAHARASHTRA,15.947288899472163,74.18857999931691,3008,178413
Murgud,CHC,Community Health Centre,"Sheloli, BHUDARGAD",Kolhapur,MAHARASHTRA,16.234910000270787,74.11261600020283,3021,178385
Solankur,CHC,Community Health Centre,"Uttur, AJRA",Kolhapur,MAHARASHTRA,16.245642999991368,74.25449999991795,3023,178269
Gargoti,CHC,Community Health Centre,"Gargoti, BHUDARGAD",Kolhapur,MAHARASHTRA,16.317434999960778,74.13867699975759,3029,178330
Nesari,CHC,Community Health Centre,"Palshivane, BHUDARGAD",Kolhapur,MAHARASHTRA,16.327789999542716,74.19166999997675,3031,178373
Kagal,CHC,Community Health Centre,"Gangapur, BHUDARGAD",Kolhapur,MAHARASHTRA,16.353336000090913,74.18380699958243,3033,178329
Hatkangale,CHC,Community Health Centre,"Anur, KAGAL",Kolhapur,MAHARASHTRA,16.45859999992647,74.26957999972785,3041,178660
Pargaon,CHC,Community Health Centre,"Nigave Khalsa, KARVIR",Kolhapur,MAHARASHTRA,16.513786000196607,74.135704000172,3045,178819
Gaganbawada,CHC,Community Health Centre,"Gagan Bavda, BAVDA",Kolhapur,MAHARASHTRA,16.539999999548158,73.84000000022169,3047,178281
Dattawad,CHC,Community Health Centre,"Dattawad, SHIROL",Kolhapur,MAHARASHTRA,16.592568499845516,74.57870999982737,3057,179183
Ajara,CHC,Community Health Centre,"Shiroli Dumala, KARVIR",Kolhapur,MAHARASHTRA,16.623549999988473,74.11586300032316,3058,178842
Khupire,CHC,Community Health Centre,"Khupire, KARVIR",Kolhapur,MAHARASHTRA,16.708369000216372,74.14601700009518,3064,178797
Shirol,CHC,Community Health Centre,"Shirol, SHIROL",Kolhapur,MAHARASHTRA,16.730000000483166,74.60000000019576,3067,179214
Panhala,CHC,Community Health Centre,"Apati, PANHALA",Kolhapur,MAHARASHTRA,16.810687099458086,74.11809999941673,3073,178863
Shri Bhausaheb Hire Govt Medical College & Hospital Dhule,DHO,District Health Office,"Ambe, PEINT",Nashik,MAHARASHTRA,20.379999999851638,73.47000000016341,11,183553
Nandgaonsado,PHC,Primary Health Centre,"Borli, IGATPURI",Nashik,MAHARASHTRA,19.635709999889173,73.57099000038609,927,182994
Dhamangaon,PHC,Primary Health Centre,"Borli, IGATPURI",Nashik,MAHARASHTRA,19.635720000514635,73.57099999953351,928,182994
Wadivarhe,PHC,Primary Health Centre,"Borli, IGATPURI",Nashik,MAHARASHTRA,19.63572999944732,73.57100999957925,929,182994
Kaluste,PHC,Primary Health Centre,"Senvad Bk, IGATPURI",Nashik,MAHARASHTRA,19.685849999400503,73.65830000001633,952,183048
Narayangaon,PHC,Primary Health Centre,"Balayduri, IGATPURI",Nashik,MAHARASHTRA,19.71630000041405,73.58219100023896,975,237158
Rohile,PHC,Primary Health Centre,"Pardevi, IGATPURI",Nashik,MAHARASHTRA,19.73760000014363,73.54978999953101,982,183060
Kulwandi,PHC,Primary Health Centre,"Pardevi, IGATPURI",Nashik,MAHARASHTRA,19.737609999481325,73.54980000047512,983,183060
Kochargaon,PHC,Primary Health Centre,"Pardevi, IGATPURI",Nashik,MAHARASHTRA,19.737620000509445,73.54980999962254,984,183060
Belhe,PHC,Primary Health Centre,"Dodi Bk., SINNAR",Nashik,MAHARASHTRA,19.746399999481604,74.10367499990804,987,183649
Meshi,PHC,Primary Health Centre,"Bhilwad, DEOLA",Nashik,MAHARASHTRA,20.429989999546148,74.20398999973801,13076,182855
Khed,PHC,Primary Health Centre,"Borli, IGATPURI",Nashik,MAHARASHTRA,19.635680000547275,73.57096000024886,14010,182994
Kumbhale,PHC,Primary Health Centre,"Jamale, PEINT",Nashik,MAHARASHTRA,20.3002499999146,73.49055999988755,14895,183556
Dapur,PHC,Primary Health Centre,"Dodi Bk., SINNAR",Nashik,MAHARASHTRA,19.778040000117034,74.10963000019844,1504,183649
Devpur,PHC,Primary Health Centre,"Dhondvirnagar, SINNAR",Nashik,MAHARASHTRA,19.78897999969682,74.01534000008073,1505,183647
Thangaon,PHC,Primary Health Centre,"Dhondvirnagar, SINNAR",Nashik,MAHARASHTRA,19.789009999877912,74.01537000021796,1506,183647
Pandhurli,PHC,Primary Health Centre,"Agas Khind, SINNAR",Nashik,MAHARASHTRA,19.811950000046554,73.83681000000277,1510,183624
Savargaon,PHC,Primary Health Centre,"Shevgedang, IGATPURI",Nashik,MAHARASHTRA,19.8347999993039,73.54731999991064,1515,183050
Belgaon Kurhe,PHC,Primary Health Centre,"Belgaon Kurhe, IGATPURI",Nashik,MAHARASHTRA,19.838532999941975,73.7183640000612,1516,182987
Wavi,PHC,Primary Health Centre,"Shaha, SINNAR",Nashik,MAHARASHTRA,19.85088999966886,74.26389000064964,1518,183710
Amboli,PHC,Primary Health Centre,"Bhilmal, TRIMBAKESHWAR",Nashik,MAHARASHTRA,19.8854899995412,73.53364000021656,1526,183839
Jategaon,PHC,Primary Health Centre,"Jategaon, NASHIK",Nashik,MAHARASHTRA,19.92368699981426,73.6484699999669,1530,183389
Vaitarana,PHC,Primary Health Centre,"Chandgiri, NASHIK",Nashik,MAHARASHTRA,19.962250000310572,73.86843000001284,1533,183369
Naigaon,PHC,Primary Health Centre,"Chandgiri, NASHIK",Nashik,MAHARASHTRA,19.964199999771697,73.87050000049842,1534,183369
Shinde,PHC,Primary Health Centre,"Chandgiri, NASHIK",Nashik,MAHARASHTRA,19.964199999771697,73.87050000049842,1535,183369
NSKMC Indira Gandhi,PHC,Primary Health Centre,"Torangan, TRIMBAKESHWAR",Nashik,MAHARASHTRA,20.00000000010393,73.47000000016341,1538,183861
NSKMC Nashik,PHC,Primary Health Centre,"Torangan, TRIMBAKESHWAR",Nashik,MAHARASHTRA,20.00000000010393,73.47000000016341,1539,183861
NSKMC Redcross,PHC,Primary Health Centre,"Torangan, TRIMBAKESHWAR",Nashik,MAHARASHTRA,20.00000000010393,73.47000000016341,1540,183861
NSKMC Hirawadi,PHC,Primary Health Centre,"Torangan, TRIMBAKESHWAR",Nashik,MAHARASHTRA,20.00000000010393,73.48000000009215,1541,183861
Andrsul,PHC,Primary Health Centre,"Gondgaon, YEVLA",Nashik,MAHARASHTRA,20.00638000009712,74.62030000052721,1542,183903
Mukhed,PHC,Primary Health Centre,"Mukhed, YEVLA",Nashik,MAHARASHTRA,20.007492500051868,74.32282059989379,1544,183923
NSKMC Gangapur,PHC,Primary Health Centre,"Torangan, TRIMBAKESHWAR",Nashik,MAHARASHTRA,20.010000000002776,73.41999999962138,1546,183861
NSKMC Panchvati,PHC,Primary Health Centre,"Welunje, TRIMBAKESHWAR",Nashik,MAHARASHTRA,20.010000000002776,73.47000000016341,1547,183868
NSKMC Ramwadi,PHC,Primary Health Centre,"Welunje, TRIMBAKESHWAR",Nashik,MAHARASHTRA,20.010000000002776,73.47000000016341,1548,183868
NSKMC Makhamalabad,PHC,Primary Health Centre,"Welunje, TRIMBAKESHWAR",Nashik,MAHARASHTRA,20.01999999990597,73.45999999933636,1549,183868
Devgaon,PHC,Primary Health Centre,"Deogaon, NIPHAD",Nashik,MAHARASHTRA,20.02508299980457,74.26121500009154,1550,183453
Patoda,PHC,Primary Health Centre,"Chichodi Bk., YEVLA",Nashik,MAHARASHTRA,20.02589999937862,74.42970000003491,1551,183890
NSKMC Mhasrul,PHC,Primary Health Centre,"Welunje, TRIMBAKESHWAR",Nashik,MAHARASHTRA,20.03000000027208,73.48000000009215,1552,183868
Deogaon,PHC,Primary Health Centre,"Deogaon, NIPHAD",Nashik,MAHARASHTRA,20.033450000218572,74.27469999979199,1553,183453
Naitale,PHC,Primary Health Centre,"Kurudgaon, NIPHAD",Nashik,MAHARASHTRA,20.03660000057893,74.09954999990374,1555,183479
Mhalsakore,PHC,Primary Health Centre,"Gondegaon, NIPHAD",Nashik,MAHARASHTRA,20.042880000190312,74.03223000008524,1556,183455
Chandori,PHC,Primary Health Centre,"Narayangaon, NIPHAD",Nashik,MAHARASHTRA,20.052300000482372,73.9816999998138,1558,183471
Kasabe Sukene,PHC,Primary Health Centre,"Kasabe Sukene, NIPHAD",Nashik,MAHARASHTRA,20.078407000571236,74.01385399975122,1560,183465
Chinch Ohol,PHC,Primary Health Centre,"Shirasgaon, TRIMBAKESHWAR",Nashik,MAHARASHTRA,20.090119999854764,73.40229000035754,1563,183851
Ozar,PHC,Primary Health Centre,"Janori, DINDORI",Nashik,MAHARASHTRA,20.096390000404078,73.88308999969813,1565,182898
Mohadi,PHC,Primary Health Centre,"Janori, DINDORI",Nashik,MAHARASHTRA,20.09639999985733,73.88400000026749,1566,182898
Savargaon,PHC,Primary Health Centre,"Savargaon, YEVLA",Nashik,MAHARASHTRA,20.10297099998322,74.45842399955391,1567,183948
Thanapada,PHC,Primary Health Centre,"Thanapada, TRIMBAKESHWAR",Nashik,MAHARASHTRA,20.12022100013977,73.40034000042085,1570,183859
Nimgaon Wakada,PHC,Primary Health Centre,"Nimgaon Wakada, NIPHAD",Nashik,MAHARASHTRA,20.134300000459145,74.25215799944579,1573,183496
Chikhalohol,PHC,Primary Health Centre,"Rapali, CHANDVAD",Nashik,MAHARASHTRA,20.236920000750317,74.39742999974652,1586,182814
Vare,PHC,Primary Health Centre,"Kadawa Mhalungi, DINDORI",Nashik,MAHARASHTRA,20.244279999984496,73.81657999999155,1588,182904
Nigdol,PHC,Primary Health Centre,"Kadawa Mhalungi, DINDORI",Nashik,MAHARASHTRA,20.244300000164746,73.81660000008301,1589,182904
Khedgaon,PHC,Primary Health Centre,"Tisgaon, DINDORI",Nashik,MAHARASHTRA,20.263210000797933,73.95471000032147,1592,182964
Varkheda,PHC,Primary Health Centre,"Tisgaon, DINDORI",Nashik,MAHARASHTRA,20.26321999966933,73.95471999946889,1593,182964
Vadner Bhairao,PHC,Primary Health Centre,"Vadner Bhairao, CHANDVAD",Nashik,MAHARASHTRA,20.2820600002368,74.03215999976504,1597,182810
Bolthan,PHC,Primary Health Centre,"Mandwad, NANDGAON",Nashik,MAHARASHTRA,20.28524999933289,74.5880000001016,1598,183330
Hiswal,PHC,Primary Health Centre,"Mandwad, NANDGAON",Nashik,MAHARASHTRA,20.285260000153947,74.58800999924902,1599,183330
Vehelgaon,PHC,Primary Health Centre,"Mandwad, NANDGAON",Nashik,MAHARASHTRA,20.28528000010899,74.58802999934053,1600,183330
Vadalibhoi,PHC,Primary Health Centre,"Vadalibhoi, CHANDVAD",Nashik,MAHARASHTRA,20.29474000043188,74.12318999934362,1602,182807
Talegaon Rohi,PHC,Primary Health Centre,"Dahegaon Manmad, CHANDVAD",Nashik,MAHARASHTRA,20.297760000415998,74.4397599993398,1604,182739
Uswad,PHC,Primary Health Centre,"Dahegaon Manmad, CHANDVAD",Nashik,MAHARASHTRA,20.297789999612746,74.43979000037533,1605,182739
Bhuwan,PHC,Primary Health Centre,"Jamale, PEINT",Nashik,MAHARASHTRA,20.30023000020669,73.49053999979604,1606,183556
Kohor,PHC,Primary Health Centre,"Jamale, PEINT",Nashik,MAHARASHTRA,20.30023000020669,73.49053999979604,1607,183556
Jogmodi,PHC,Primary Health Centre,"Jamale, PEINT",Nashik,MAHARASHTRA,20.300260000610127,73.49056999993329,1608,183556
Karanjali,PHC,Primary Health Centre,"Jamale, PEINT",Nashik,MAHARASHTRA,20.300260000610127,73.49056999993329,1609,183556
Pimparkhed,PHC,Primary Health Centre,"Pimparkhed, NANDGAON",Nashik,MAHARASHTRA,20.306176999829542,74.78637000020345,1610,183345
Kazisangvi,PHC,Primary Health Centre,"Chandvad, CHANDVAD",Nashik,MAHARASHTRA,20.319869999849626,74.25792999943808,1614,182736
Pandane,PHC,Primary Health Centre,"Charose, DINDORI",Nashik,MAHARASHTRA,20.3356100002018,73.67515999988359,1618,182874
Naydongri,PHC,Primary Health Centre,"Birole, NANDGAON",Nashik,MAHARASHTRA,20.364819999487057,74.81367000021554,1621,183288
Pimpalgaon Baswant,PHC,Primary Health Centre,"Koshimbe, DINDORI",Nashik,MAHARASHTRA,20.370159999456202,73.76940999981832,1623,182919
Palkhed,PHC,Primary Health Centre,"Koshimbe, DINDORI",Nashik,MAHARASHTRA,20.370210000532012,73.76946000004703,1624,182919
Ambe,PHC,Primary Health Centre,"Ambe, PEINT",Nashik,MAHARASHTRA,20.372992000027317,73.50640200012876,1625,183553
Dhondegaon,PHC,Primary Health Centre,"Mahatma Fule Nagar, DEOLA",Nashik,MAHARASHTRA,20.414450000006237,74.3184999998212,1632,182834
Sonaj,PHC,Primary Health Centre,"Shirsondi, MALEGAON",Nashik,MAHARASHTRA,20.417390000661925,74.4195399993743,1634,183254
Saundane,PHC,Primary Health Centre,"Shirsondi, MALEGAON",Nashik,MAHARASHTRA,20.417420000198803,74.41957000040982,1635,183254
Nanduri,PHC,Primary Health Centre,"Nanduri, KALWAN",Nashik,MAHARASHTRA,20.420412999191345,73.90178400004946,1636,183121
Dahiwad,PHC,Primary Health Centre,"Bhilwad, DEOLA",Nashik,MAHARASHTRA,20.43000000025722,74.20400000068207,1637,182855
Nimgaon,PHC,Primary Health Centre,"Malagaon, MALEGAON",Nashik,MAHARASHTRA,20.48669999937641,74.61495000030929,1644,183213
Malgaon,PHC,Primary Health Centre,"Malagaon, MALEGAON",Nashik,MAHARASHTRA,20.48669999937641,74.61495000030929,1645,183213
Otur,PHC,Primary Health Centre,"Navi Bej, KALWAN",Nashik,MAHARASHTRA,20.505530000253916,74.04563000029519,1649,183123
Mokbhangi,PHC,Primary Health Centre,"Navi Bej, KALWAN",Nashik,MAHARASHTRA,20.505570000241924,74.04566999957984,1650,183123
Navi Bej,PHC,Primary Health Centre,"Navi Bej, KALWAN",Nashik,MAHARASHTRA,20.51586000018595,74.07333900056115,1653,183123
Dalwat,PHC,Primary Health Centre,"Dhekale, KALWAN",Nashik,MAHARASHTRA,20.521290000326232,73.93113999940515,1655,183091
Jaidar,PHC,Primary Health Centre,"Dhekale, KALWAN",Nashik,MAHARASHTRA,20.521300000136417,73.93115000034919,1656,183091
Kanashi,PHC,Primary Health Centre,"Dhekale, KALWAN",Nashik,MAHARASHTRA,20.521300000136417,73.93115000034919,1657,183091
Vadner Khakurdi,PHC,Primary Health Centre,"Sitane, MALEGAON",Nashik,MAHARASHTRA,20.52441000026913,74.66225000017887,1658,183255
Bramhangaon,PHC,Primary Health Centre,"Dhandri, BAGLAN",Nashik,MAHARASHTRA,20.549620000373338,74.32527000024638,1663,182635
Aliyabad,PHC,Primary Health Centre,"Dabhadi, MALEGAON",Nashik,MAHARASHTRA,20.54988999969079,74.45882000028732,1664,183164
Mulher,PHC,Primary Health Centre,"Dabhadi, MALEGAON",Nashik,MAHARASHTRA,20.54988999969079,74.45882000028732,1665,183164
sukapur,PHC,Primary Health Centre,"More Nagar, BAGLAN",Nashik,MAHARASHTRA,20.56000000011701,74.20000000035124,1667,182673
Bubli,PHC,Primary Health Centre,"Walutzira, SURGANA",Nashik,MAHARASHTRA,20.57318999957055,73.58849000048596,1669,183737
Mani,PHC,Primary Health Centre,"Walutzira, SURGANA",Nashik,MAHARASHTRA,20.57318999957055,73.58849000048596,1670,183737
Borgaon,PHC,Primary Health Centre,"Walutzira, SURGANA",Nashik,MAHARASHTRA,20.573209999970217,73.58851000057744,1671,183737
Palsan,PHC,Primary Health Centre,"Walutzira, SURGANA",Nashik,MAHARASHTRA,20.573209999970217,73.58851000057744,1672,183737
Pangarne,PHC,Primary Health Centre,"Walutzira, SURGANA",Nashik,MAHARASHTRA,20.5732199997486,73.58851999972485,1673,183737
Umbarthan,PHC,Primary Health Centre,"Kothule, SURGANA",Nashik,MAHARASHTRA,20.573240000144377,73.55854000003013,1674,183761
Kalwadi,PHC,Primary Health Centre,"Sajvahal, MALEGAON",Nashik,MAHARASHTRA,20.59055000019852,74.6740100000735,1677,183243
Karanjgavhan,PHC,Primary Health Centre,"Sajvahal, MALEGAON",Nashik,MAHARASHTRA,20.590580000327133,74.67404000021072,1678,183243
Nirpur,PHC,Primary Health Centre,"Nave Nirpur, BAGLAN",Nashik,MAHARASHTRA,20.606336000618853,74.11959200049235,1680,182682
Londhe,PHC,Primary Health Centre,"Hiswal Bk, MALEGAON",Nashik,MAHARASHTRA,20.623145000008456,74.7808459999083,1685,183187
Kelzar,PHC,Primary Health Centre,"Kautikpada, BAGLAN",Nashik,MAHARASHTRA,20.637799999612906,74.17705000047437,1690,237156
Lohoner,PHC,Primary Health Centre,"Kautikpada, BAGLAN",Nashik,MAHARASHTRA,20.637799999612906,74.17705000047437,1691,237156
Khamkheda,PHC,Primary Health Centre,"Kautikpada, BAGLAN",Nashik,MAHARASHTRA,20.637819999941282,74.17707000056583,1692,237156
Ravalgaon,PHC,Primary Health Centre,"Vaygaon, BAGLAN",Nashik,MAHARASHTRA,20.64721999937409,74.36572000022312,1696,182717
Kapaleshwar,PHC,Primary Health Centre,"Kikwari Kh., BAGLAN",Nashik,MAHARASHTRA,20.65611099931429,74.06379300019387,1698,182659
Virgaon,PHC,Primary Health Centre,"Virgaon, BAGLAN",Nashik,MAHARASHTRA,20.66803700037725,74.14202199978723,1700,182719
Salher,PHC,Primary Health Centre,"Salher, BAGLAN",Nashik,MAHARASHTRA,20.702788000029035,73.93010399933742,1709,182696
Ambasan,PHC,Primary Health Centre,"Nampur, BAGLAN",Nashik,MAHARASHTRA,20.74583000014663,74.32859999930906,1719,182680
Taharabad,PHC,Primary Health Centre,"Taharabad, BAGLAN",Nashik,MAHARASHTRA,20.763680000713222,74.14678000035143,1723,182703
Jaikheda,PHC,Primary Health Centre,"Bramhanpade, BAGLAN",Nashik,MAHARASHTRA,20.774699999953707,74.23090999980847,1727,182622
Tudiye,PHC,Primary Health Centre,"Tudiye, CHANDGAD",Kolhapur,MAHARASHTRA,15.801644000334209,74.35572269973181,17677,178503
Here,PHC,Primary Health Centre,"Gudawale Khalsa, CHANDGAD",Kolhapur,MAHARASHTRA,15.886755100554797,74.17977600018779,17718,178426
Mangaon,PHC,Primary Health Centre,"Malgad, CHANDGAD",Kolhapur,MAHARASHTRA,15.943294900232923,74.32640000002544,17751,178473
Kanur Khurd,PHC,Primary Health Centre,"Pilani, CHANDGAD",Kolhapur,MAHARASHTRA,15.96480949974657,74.10858000078534,17763,178448
Kowad,PHC,Primary Health Centre,"Kowad, CHANDGAD",Kolhapur,MAHARASHTRA,15.98869390037677,74.38070000047391,17783,178462
Adkur,PHC,Primary Health Centre,"Latagaon, AJRA",Kolhapur,MAHARASHTRA,16.05032999994929,74.15557400033312,17803,178244
Nool,PHC,Primary Health Centre,"Honewadi, AJRA",Kolhapur,MAHARASHTRA,16.124698000034787,74.25500399970811,17853,178228
Kadgaon,PHC,Primary Health Centre,"Hidadugi, GADHINGLAJ",Kolhapur,MAHARASHTRA,16.138260000426975,74.41582000032425,17858,178540
Uttur,PHC,Primary Health Centre,"Dewarde, AJRA",Kolhapur,MAHARASHTRA,16.141149999974765,74.15442699993731,17862,178216
Kadgaon,PHC,Primary Health Centre,"Salgaon, AJRA",Kolhapur,MAHARASHTRA,16.145699999661776,74.18303099980572,17867,178259
Pimpalgaon,PHC,Primary Health Centre,"Deokandgaon, AJRA",Kolhapur,MAHARASHTRA,16.15582399997159,74.12522200019438,17870,178217
Madilage,PHC,Primary Health Centre,"Madilage, AJRA",Kolhapur,MAHARASHTRA,16.167918000081496,74.22893800013048,17873,178245
Kapashi,PHC,Primary Health Centre,"Aralgundi, BHUDARGAD",Kolhapur,MAHARASHTRA,16.202058999458004,74.17213200007663,17906,178304
Kandadewadi,PHC,Primary Health Centre,"Aralgundi, BHUDARGAD",Kolhapur,MAHARASHTRA,16.203000000140722,74.18369500032777,17907,178304
Chikhali,PHC,Primary Health Centre,"Dindewadi, BHUDARGAD",Kolhapur,MAHARASHTRA,16.261308000165798,74.18528000039147,17942,178326
Pimpalgaon,PHC,Primary Health Centre,"Pushpanagar, BHUDARGAD",Kolhapur,MAHARASHTRA,16.278349999857507,74.1355660000797,17947,178382
Dhamod,PHC,Primary Health Centre,"Gargoti, BHUDARGAD",Kolhapur,MAHARASHTRA,16.313935000441653,74.15838000041248,17970,178330
Siddhanerli,PHC,Primary Health Centre,"Khanapur, BHUDARGAD",Kolhapur,MAHARASHTRA,16.325470000247883,74.15186500025544,17979,178338
Ispurli,PHC,Primary Health Centre,"Minache Kh., BHUDARGAD",Kolhapur,MAHARASHTRA,16.335107000194668,74.10495899967289,17995,178355
Kasaba Sangaon,PHC,Primary Health Centre,"Gangapur, BHUDARGAD",Kolhapur,MAHARASHTRA,16.339999999848136,74.17999999959545,17997,178329
Hupari,PHC,Primary Health Centre,"Haladi, KAGAL",Kolhapur,MAHARASHTRA,16.378979999800386,74.2410689997459,18032,178686
Pattan Kodoli,PHC,Primary Health Centre,"Yamage, KAGAL",Kolhapur,MAHARASHTRA,16.391966999577445,74.21588100005222,18044,178741
Abdullat,PHC,Primary Health Centre,"Galgale, KAGAL",Kolhapur,MAHARASHTRA,16.393008999812615,74.30372600033309,18045,178684
Mudshingi,PHC,Primary Health Centre,"Kurni, KAGAL",Kolhapur,MAHARASHTRA,16.412945999198936,74.18660000014133,18062,178703
Unchgaon,PHC,Primary Health Centre,"Admapur, BHUDARGAD",Kolhapur,MAHARASHTRA,16.414459999779623,74.16230000037737,18063,178305
Sajani,PHC,Primary Health Centre,"Malage Kh., KAGAL",Kolhapur,MAHARASHTRA,16.424029000149105,74.23397600017886,18074,178709
Vadanage,PHC,Primary Health Centre,"Bamani, KAGAL",Kolhapur,MAHARASHTRA,16.434407999683494,74.1257639996194,18084,178666
Nandani,PHC,Primary Health Centre,"Chikhali Kasaba, KAGAL",Kolhapur,MAHARASHTRA,16.434710999773607,74.32323300027103,18085,178679
Pulachi Shiroli,PHC,Primary Health Centre,"Sonali, KAGAL",Kolhapur,MAHARASHTRA,16.442372000240894,74.16525300076982,18091,178730
Herle,PHC,Primary Health Centre,"Savarde Bk., KAGAL",Kolhapur,MAHARASHTRA,16.445799000545936,74.19511299991564,18094,178724
Watangi,PHC,Primary Health Centre,"Valave Kh., KAGAL",Kolhapur,MAHARASHTRA,16.45910000045334,74.1551939994932,18106,178740
Walava,PHC,Primary Health Centre,"Valave Kh., KAGAL",Kolhapur,MAHARASHTRA,16.46045100080539,74.14844499988277,18109,178740
Alate,PHC,Primary Health Centre,"Banage, KAGAL",Kolhapur,MAHARASHTRA,16.46105500064936,74.24270800023628,18110,178667
Bhuye,PHC,Primary Health Centre,"Titawe, RADHANAGARI",Kolhapur,MAHARASHTRA,16.461748999622152,74.13339699985991,18111,179063
Sawarde,PHC,Primary Health Centre,"Sake, KAGAL",Kolhapur,MAHARASHTRA,16.493565000092417,74.20503300037673,18151,178722
Ambap,PHC,Primary Health Centre,"Nigave Khalsa, KARVIR",Kolhapur,MAHARASHTRA,16.504799999421586,74.15218799939733,18158,178819
Thikpurli,PHC,Primary Health Centre,"Thikpurli, RADHANAGARI",Kolhapur,MAHARASHTRA,16.504895000042247,74.12209000060012,18159,179062
Bhadole,PHC,Primary Health Centre,"Sake, KAGAL",Kolhapur,MAHARASHTRA,16.512109000604262,74.19537300020663,18166,178722
Bambwade,PHC,Primary Health Centre,"Khebavade, KARVIR",Kolhapur,MAHARASHTRA,16.522252999990858,74.21849000048809,18180,178796
Rashiwade,PHC,Primary Health Centre,"Rashiwade Bk., RADHANAGARI",Kolhapur,MAHARASHTRA,16.55099999997107,74.10599999976347,18204,179047
Hasur,PHC,Primary Health Centre,"Hasur, KARVIR",Kolhapur,MAHARASHTRA,16.569999999828948,74.10000000016554,18232,178777
Tarale,PHC,Primary Health Centre,"Kothali, KARVIR",Kolhapur,MAHARASHTRA,16.569999999828948,74.13260000016679,18233,178802
Bhedasgaon,PHC,Primary Health Centre,"Manjarwadi, KARVIR",Kolhapur,MAHARASHTRA,16.585061999994632,74.03783999969583,18254,178770
Niwade,PHC,Primary Health Centre,"Vesaraf, BAVDA",Kolhapur,MAHARASHTRA,16.60460000031109,73.8948099994098,18277,178276
Gariwade,PHC,Primary Health Centre,"Vesaraf, BAVDA",Kolhapur,MAHARASHTRA,16.604610000004932,73.89482000035387,18278,178276
Shirola Dumala,PHC,Primary Health Centre,"Shiroli Dumala, KARVIR",Kolhapur,MAHARASHTRA,16.618217000520637,74.10931399983095,18290,178842
Kaneri,PHC,Primary Health Centre,"Kaneri, KARVIR",Kolhapur,MAHARASHTRA,16.61999999997614,74.26999999985242,18291,178789
Sangrul,PHC,Primary Health Centre,"Sangrul, KARVIR",Kolhapur,MAHARASHTRA,16.684195999685283,74.09316299979321,18336,178835
Nrusinhwadi,PHC,Primary Health Centre,"Aurwad, SHIROL",Kolhapur,MAHARASHTRA,16.696646699790474,74.60783440002801,18346,179177
Takali,PHC,Primary Health Centre,"Shirol, SHIROL",Kolhapur,MAHARASHTRA,16.730000000483166,74.61000000012449,18375,179214
Maligre,PHC,Primary Health Centre,"Shinganapur, KARVIR",Kolhapur,MAHARASHTRA,16.732949999992965,74.1729899998691,18382,178841
Padal,PHC,Primary Health Centre,"Khupire, KARVIR",Kolhapur,MAHARASHTRA,16.73485199975935,74.14535500012127,18384,178797
Ghalwad,PHC,Primary Health Centre,"Ghalwad, SHIROL",Kolhapur,MAHARASHTRA,16.751482900009226,74.64076999983965,18403,179186
Umadi,PHC,Primary Health Centre,"Nandani, SHIROL",Kolhapur,MAHARASHTRA,16.76011840014142,74.53753989953906,18410,179204
Kale,PHC,Primary Health Centre,"Apati, PANHALA",Kolhapur,MAHARASHTRA,16.820003999934723,74.12000500004591,18454,178863
Danoli,PHC,Primary Health Centre,"Kothali, SHIROL",Kolhapur,MAHARASHTRA,16.823466400574144,74.49656000044422,18455,179200
Mahagaon,PHC,Primary Health Centre,"Jakhale, PANHALA",Kolhapur,MAHARASHTRA,16.83521000034365,74.20298999965532,18460,178889
Kekhale,PHC,Primary Health Centre,"Borpadale, PANHALA",Kolhapur,MAHARASHTRA,16.842001000201133,74.12000900024385,18463,178874
Borpadale,PHC,Primary Health Centre,"Shahapur, PANHALA",Kolhapur,MAHARASHTRA,16.842004999917087,74.14672099990185,18464,178947
Kotoli,PHC,Primary Health Centre,"Kotoli, SHAHUWADI",Kolhapur,MAHARASHTRA,16.98915900008055,73.95927400071687,18596,179109
Khochi,SCE,Sub-centre,"Vhanali, KAGAL",Kolhapur,MAHARASHTRA,16.514290000008124,74.23263999963714,110608,178738
Kalasgade,SCE,Sub-centre,"Kalasgade, CHANDGAD",Kolhapur,MAHARASHTRA,15.83499899999695,74.2120630001946,119704,178442
Sundi,SCE,Sub-centre,"Sundi, CHANDGAD",Kolhapur,MAHARASHTRA,15.92811100004159,74.37194300030211,119824,178497
Date,SCE,Sub-centre,"Date, CHANDGAD",Kolhapur,MAHARASHTRA,15.931480999985412,74.26341600009843,119828,178415
Naganwadi,SCE,Sub-centre,"Naganwadi, CHANDGAD",Kolhapur,MAHARASHTRA,15.934344000079923,74.22526900023576,119833,178480
Mangaon,SCE,Sub-centre,"Malgad, CHANDGAD",Kolhapur,MAHARASHTRA,15.94329499956541,74.32648700006406,119848,178473
Sonarwadi,SCE,Sub-centre,"Mugali, CHANDGAD",Kolhapur,MAHARASHTRA,15.978759000753158,74.29495400009267,119887,178478
Kalkundri,SCE,Sub-centre,"Kalkundri, CHANDGAD",Kolhapur,MAHARASHTRA,15.98615599997009,74.3946670002232,119898,178444
Amroli,SCE,Sub-centre,"Amroli, CHANDGAD",Kolhapur,MAHARASHTRA,15.999070000028558,74.27074999968987,119914,178404
Ibrahimpur,SCE,Sub-centre,"Ibrahimpur, CHANDGAD",Kolhapur,MAHARASHTRA,16.00345750003676,74.19591999965449,119922,178433
Sambare,SCE,Sub-centre,"Sambare, GADHINGLAJ",Kolhapur,MAHARASHTRA,16.010000000196897,74.31999999949612,119933,178578
Kanadewadi,SCE,Sub-centre,"Nesari, GADHINGLAJ",Kolhapur,MAHARASHTRA,16.060000000302846,74.33000000032318,120012,178576
Wagharali,SCE,Sub-centre,"Shipur Tarf Nesari, GADHINGLAJ",Kolhapur,MAHARASHTRA,16.08999999992843,74.33000000032318,120052,236886
Madilge,SCE,Sub-centre,"Gavase, AJRA",Kolhapur,MAHARASHTRA,16.10145599957197,74.13481299986923,120071,178221
Hebbal Jaldyal,SCE,Sub-centre,"Mungurwadi, GADHINGLAJ",Kolhapur,MAHARASHTRA,16.109999999691578,74.40999999975308,120084,178570
Rajgoli Buddruk,SCE,Sub-centre,"Honewadi, AJRA",Kolhapur,MAHARASHTRA,16.113000000190343,74.24443399986697,120094,178228
Nandawade,SCE,Sub-centre,"Ajra (CT), AJRA",Kolhapur,MAHARASHTRA,16.11575799997744,74.2113610000377,120102,178201
Tirawade,SCE,Sub-centre,"Bugadi  Katti, GADHINGLAJ",Kolhapur,MAHARASHTRA,16.122206999751818,74.43063999984317,120116,178521
Donawade,SCE,Sub-centre,"Terani, GADHINGLAJ",Kolhapur,MAHARASHTRA,16.13595999995325,74.44976000016686,120134,178589
Mungurwadi,SCE,Sub-centre,"Umbarwadi, GADHINGLAJ",Kolhapur,MAHARASHTRA,16.14000000001561,74.33000000032318,120145,178591
Hajgoli,SCE,Sub-centre,"Hajgoli Bk., AJRA",Kolhapur,MAHARASHTRA,16.14722399986992,74.24324299998858,120161,178222
Dindewadi,SCE,Sub-centre,"Chivale, BHUDARGAD",Kolhapur,MAHARASHTRA,16.15242899950578,74.10570600003558,120170,178322
Bugadikatti,SCE,Sub-centre,"Halkarni, GADHINGLAJ",Kolhapur,MAHARASHTRA,16.15999999970076,74.47000000022385,120182,178530
Halkarni,SCE,Sub-centre,"Halkarni, GADHINGLAJ",Kolhapur,MAHARASHTRA,16.15999999970076,74.47000000022385,120183,178530
Madyal,SCE,Sub-centre,"Pernoli, AJRA",Kolhapur,MAHARASHTRA,16.165689999643146,74.16316900004051,120195,178257
Kaulage,SCE,Sub-centre,"Hirlage, GADHINGLAJ",Kolhapur,MAHARASHTRA,16.169999999525167,74.28000000067948,120202,178541
Pal,SCE,Sub-centre,"Navale, BHUDARGAD",Kolhapur,MAHARASHTRA,16.181085000263376,74.10181300073322,120214,178363
Hanbarwada,SCE,Sub-centre,"Vazare, AJRA",Kolhapur,MAHARASHTRA,16.18270999921243,74.19218500053584,120220,178272
Gijawane,SCE,Sub-centre,"Belgundi, GADHINGLAJ",Kolhapur,MAHARASHTRA,16.19999999983224,74.33000000032318,120234,178518
Belewade Masa,SCE,Sub-centre,"Naganwadi, BHUDARGAD",Kolhapur,MAHARASHTRA,16.203784000333716,74.1540090003609,120241,178360
Palshivane Gangapur,SCE,Sub-centre,"Sonurli, BHUDARGAD",Kolhapur,MAHARASHTRA,16.208230000126417,74.11216500011614,120247,178390
Nul,SCE,Sub-centre,"Kasaba Nool, GADHINGLAJ",Kolhapur,MAHARASHTRA,16.20999999988879,74.43000000050887,120252,178549
Aralgundi,SCE,Sub-centre,"Khandal, GADHINGLAJ",Kolhapur,MAHARASHTRA,16.20999999988879,74.48000000015257,120253,178558
Chanekuppi,SCE,Sub-centre,"Gijavane, GADHINGLAJ",Kolhapur,MAHARASHTRA,16.219999999760372,74.3400000002519,120270,178528
Chimgaon,SCE,Sub-centre,"Vengrul, BHUDARGAD",Kolhapur,MAHARASHTRA,16.221845000418867,74.11336500021538,120271,178397
Waghapur,SCE,Sub-centre,"Vengrul, BHUDARGAD",Kolhapur,MAHARASHTRA,16.22504300000206,74.10268200039633,120273,178397
Jarali,SCE,Sub-centre,"Hebbal Kasaba Nool, GADHINGLAJ",Kolhapur,MAHARASHTRA,16.23000000081595,74.40999999975308,120281,178538
Nidori,SCE,Sub-centre,"Sheloli, BHUDARGAD",Kolhapur,MAHARASHTRA,16.241701000088078,74.10288899918726,120309,178385
Sheloli,SCE,Sub-centre,"Bidri, BHUDARGAD",Kolhapur,MAHARASHTRA,16.24269000043287,74.11371900021771,120312,178319
Khadakewada,SCE,Sub-centre,"Dindewadi, BHUDARGAD",Kolhapur,MAHARASHTRA,16.251112000348527,74.18390899968968,120334,178326
Sonage,SCE,Sub-centre,"Jakinpeth Jotewadi (N.V.), BHUDARGAD",Kolhapur,MAHARASHTRA,16.253440000584316,74.15463500034978,120336,178349
Sonali,SCE,Sub-centre,"Kumbharwadi, BHUDARGAD",Kolhapur,MAHARASHTRA,16.263745000114405,74.1035820000216,120356,178367
Aanur,SCE,Sub-centre,"Jakinpeth Jotewadi (N.V.), BHUDARGAD",Kolhapur,MAHARASHTRA,16.279579999620164,74.16108299966135,120388,178349
Mhakave,SCE,Sub-centre,"Barve, BHUDARGAD",Kolhapur,MAHARASHTRA,16.281695000646813,74.17337999985644,120396,178312
Shengaon,SCE,Sub-centre,"Shengaon, BHUDARGAD",Kolhapur,MAHARASHTRA,16.29096799935393,74.11482000058277,120405,178386
Pushpanagar,SCE,Sub-centre,"Pushpanagar, BHUDARGAD",Kolhapur,MAHARASHTRA,16.291932000033242,74.13207100026229,120408,178382
Sake,SCE,Sub-centre,"Akurde, BHUDARGAD",Kolhapur,MAHARASHTRA,16.300660000174705,74.12205999956457,120434,178306
Vanali,SCE,Sub-centre,"Salpewadi, BHUDARGAD",Kolhapur,MAHARASHTRA,16.303015999585657,74.13959999984742,120439,178384
Balvae Khurd,SCE,Sub-centre,"Akurde, BHUDARGAD",Kolhapur,MAHARASHTRA,16.30442900020611,74.10383200026686,120442,178306
Dhamod,SCE,Sub-centre,"Gargoti, BHUDARGAD",Kolhapur,MAHARASHTRA,16.313916999685755,74.15813999931464,120464,178330
Shandur,SCE,Sub-centre,"Gargoti, BHUDARGAD",Kolhapur,MAHARASHTRA,16.314819999498315,74.14522500042492,120469,178330
Lingnur,SCE,Sub-centre,"Palshivane, BHUDARGAD",Kolhapur,MAHARASHTRA,16.333389000096414,74.20310000015849,120501,178373
Mhasave,SCE,Sub-centre,"Mhasave., BHUDARGAD",Kolhapur,MAHARASHTRA,16.334023999866375,74.13079499999506,120502,178353
Karambali,SCE,Sub-centre,"Kapashi, KAGAL",Kolhapur,MAHARASHTRA,16.339999999848136,74.2900000006082,120518,178693
Pimpalgaon Khurd,SCE,Sub-centre,"Madilge Bk., BHUDARGAD",Kolhapur,MAHARASHTRA,16.34293400042501,74.17111199990241,120525,178344
Dindanerli,SCE,Sub-centre,"Basarewadi, BHUDARGAD",Kolhapur,MAHARASHTRA,16.34334799993187,74.12106299985494,120528,178313
Rendal,SCE,Sub-centre,"Haladi, KAGAL",Kolhapur,MAHARASHTRA,16.37139199978223,74.25313999998515,120592,178686
Hupari A,SCE,Sub-centre,"Haladi, KAGAL",Kolhapur,MAHARASHTRA,16.37338199958046,74.24233999999024,120602,178686
Bololi,SCE,Sub-centre,"Kardyal, KAGAL",Kolhapur,MAHARASHTRA,16.381177999494316,74.31384000006463,120629,178695
Shiradwad,SCE,Sub-centre,"Metage, KAGAL",Kolhapur,MAHARASHTRA,16.3918840002751,74.29419000001153,120646,178711
Abdullat B,SCE,Sub-centre,"Galgale, KAGAL",Kolhapur,MAHARASHTRA,16.393194999721445,74.30410300079993,120650,178684
Abdullat A,SCE,Sub-centre,"Galgale, KAGAL",Kolhapur,MAHARASHTRA,16.39323099954428,74.30390100023527,120651,178684
Kalamba,SCE,Sub-centre,"Nadhavade, BHUDARGAD",Kolhapur,MAHARASHTRA,16.39334200060795,74.12384399981991,120653,178359
Pasarde,SCE,Sub-centre,"Arjuni, KAGAL",Kolhapur,MAHARASHTRA,16.39341299964797,74.35174000005505,120654,178661
Ujalaiwadi,SCE,Sub-centre,"Waghapur, BHUDARGAD",Kolhapur,MAHARASHTRA,16.394752999228487,74.16901000052808,120658,178400
Ingali,SCE,Sub-centre,"Benikre, KAGAL",Kolhapur,MAHARASHTRA,16.395411000352198,74.23531099999731,120660,178673
Fejiwade,SCE,Sub-centre,"Phejiwade, RADHANAGARI",Kolhapur,MAHARASHTRA,16.400020000058788,73.9652399999796,120668,179040
Piral,SCE,Sub-centre,"Phejiwade, RADHANAGARI",Kolhapur,MAHARASHTRA,16.40004999986549,73.96527000011685,120669,179040
Mudhal,SCE,Sub-centre,"Mudal, BHUDARGAD",Kolhapur,MAHARASHTRA,16.404517000664615,74.15629200038352,120688,178357
Vasagade,SCE,Sub-centre,"Shindewadi, KAGAL",Kolhapur,MAHARASHTRA,16.4053370006251,74.20222999977213,120692,178727
Takawade,SCE,Sub-centre,"Khadakewada, KAGAL",Kolhapur,MAHARASHTRA,16.413064999462414,74.3030739995066,120715,178701
Polgaon,SCE,Sub-centre,"Bamani, KAGAL",Kolhapur,MAHARASHTRA,16.421190000274503,74.1131750002446,120742,178666
Chinchwad,SCE,Sub-centre,"Kurni, KAGAL",Kolhapur,MAHARASHTRA,16.42161899984933,74.19290999936061,120743,178703
Savrde,SCE,Sub-centre,"Khadakewada, KAGAL",Kolhapur,MAHARASHTRA,16.42189999992138,74.32561000000501,120744,178701
Yadrav,SCE,Sub-centre,"Hamidwada, KAGAL",Kolhapur,MAHARASHTRA,16.4251009995513,74.29215499968602,120751,178688
Korochi,SCE,Sub-centre,"Sonage, KAGAL",Kolhapur,MAHARASHTRA,16.43267500027181,74.26135500073195,120777,178729
Bidri,SCE,Sub-centre,"Bidri, KAGAL",Kolhapur,MAHARASHTRA,16.434285999419913,74.1438150002634,120781,178675
Halondi,SCE,Sub-centre,"Sonali, KAGAL",Kolhapur,MAHARASHTRA,16.44139299979294,74.18261999990197,120807,178730
Atigre,SCE,Sub-centre,"Savarde Bk., KAGAL",Kolhapur,MAHARASHTRA,16.442287999755425,74.21541299934876,120808,178724
Tardal,SCE,Sub-centre,"Kaulage, KAGAL",Kolhapur,MAHARASHTRA,16.442646000136012,74.28340000006237,120810,178702
Punal,SCE,Sub-centre,"Chikhali Kasaba, KAGAL",Kolhapur,MAHARASHTRA,16.44354900006214,74.31605000029234,120814,178679
Hatkangale,SCE,Sub-centre,"Banage, KAGAL",Kolhapur,MAHARASHTRA,16.44513699995387,74.25393400020353,120817,178667
Tirpan,SCE,Sub-centre,"Chikhali Kasaba, KAGAL",Kolhapur,MAHARASHTRA,16.453519999726176,74.31841000030784,120840,178679
Nigave Dumala,SCE,Sub-centre,"Titawe, RADHANAGARI",Kolhapur,MAHARASHTRA,16.45362999973204,74.122300999589,120841,179063
Mouje Vadgoan,SCE,Sub-centre,"Sonali, KAGAL",Kolhapur,MAHARASHTRA,16.454351999867143,74.18420999998854,120843,178730
Kerli,SCE,Sub-centre,"Turambe, RADHANAGARI",Kolhapur,MAHARASHTRA,16.456649999339287,74.11905000016904,120845,179064
Telve,SCE,Sub-centre,"Titawe, RADHANAGARI",Kolhapur,MAHARASHTRA,16.461870000521962,74.1310800004004,120863,179063
Majale,SCE,Sub-centre,"Anur, KAGAL",Kolhapur,MAHARASHTRA,16.462750000565478,74.26417299960855,120868,178660
Nimshirgaon,SCE,Sub-centre,"Shindewadi, KAGAL",Kolhapur,MAHARASHTRA,16.46370300049556,74.28596700066544,120870,178727
Titwe,SCE,Sub-centre,"Arjunwada, RADHANAGARI",Kolhapur,MAHARASHTRA,16.463744000231966,74.12750199984397,120871,178975
Pohale Tarf Alate,SCE,Sub-centre,"Arjunwada, RADHANAGARI",Kolhapur,MAHARASHTRA,16.464771999970925,74.12322999952661,120874,178975
Top,SCE,Sub-centre,"Kasabawalwe, RADHANAGARI",Kolhapur,MAHARASHTRA,16.472677000409877,74.16591699949521,120900,179006
Baradwadi,SCE,Sub-centre,"Baradwadi, RADHANAGARI",Kolhapur,MAHARASHTRA,16.478889000010117,74.08698999994297,120923,178980
Anaje,SCE,Sub-centre,"Avali Bk., RADHANAGARI",Kolhapur,MAHARASHTRA,16.48250999964764,74.050941000155,120940,178977
Nej,SCE,Sub-centre,"Gorambe, KAGAL",Kolhapur,MAHARASHTRA,16.48599000046355,74.25359300061999,120947,178685
Minche,SCE,Sub-centre,"Sake, KAGAL",Kolhapur,MAHARASHTRA,16.492045999792744,74.20142800005613,120968,178722
Sawarde,SCE,Sub-centre,"Sake, KAGAL",Kolhapur,MAHARASHTRA,16.492109999530538,74.21242600041775,120969,178722
Amjai Warwade,SCE,Sub-centre,"Amjaiwharwade, RADHANAGARI",Kolhapur,MAHARASHTRA,16.49600699938402,74.05952500007444,120981,178972
Ambap,SCE,Sub-centre,"Kasabawalwe, RADHANAGARI",Kolhapur,MAHARASHTRA,16.50178500022193,74.15302500017174,120994,179006
Pishavi,SCE,Sub-centre,"Dhamod, RADHANAGARI",Kolhapur,MAHARASHTRA,16.502575999670928,74.02033000044851,120995,178991
Thikpurli,SCE,Sub-centre,"Thikpurli, RADHANAGARI",Kolhapur,MAHARASHTRA,16.504895000042247,74.12200900040928,120997,179062
Latwade,SCE,Sub-centre,"Sake, KAGAL",Kolhapur,MAHARASHTRA,16.504954000848482,74.20428699983894,120998,178722
Bhendawade,SCE,Sub-centre,"Vhanali, KAGAL",Kolhapur,MAHARASHTRA,16.51108299974352,74.21583599984636,121018,178738
Wathar,SCE,Sub-centre,"Belawale Kh., KAGAL",Kolhapur,MAHARASHTRA,16.511290000582413,74.17340900016873,121020,178670
Bahirevadi,SCE,Sub-centre,"Thikpurli, RADHANAGARI",Kolhapur,MAHARASHTRA,16.511514000108697,74.12198799959457,121023,179062
Supatre,SCE,Sub-centre,"Shendur, KAGAL",Kolhapur,MAHARASHTRA,16.511529000006178,74.25788000010766,121024,178726
Bhadole B,SCE,Sub-centre,"Sake, KAGAL",Kolhapur,MAHARASHTRA,16.512423000751276,74.19454200017833,121028,178722
Burbali,SCE,Sub-centre,"Dhamod, RADHANAGARI",Kolhapur,MAHARASHTRA,16.5131240002619,74.02416199965153,121031,178991
Nigave Khalsa,SCE,Sub-centre,"Nigave Khalsa, KARVIR",Kolhapur,MAHARASHTRA,16.517978000581415,74.14454900020733,121042,178819
Dhudhgaon,SCE,Sub-centre,"Shendur, KAGAL",Kolhapur,MAHARASHTRA,16.525526000468414,74.25320199990942,121058,178726
Savalwadi,SCE,Sub-centre,"Shendur, KAGAL",Kolhapur,MAHARASHTRA,16.52788999949394,74.2535659999575,121073,178726
Ghunaki,SCE,Sub-centre,"Chuye, KARVIR",Kolhapur,MAHARASHTRA,16.531428999618857,74.17273600032419,121091,178760
Parite,SCE,Sub-centre,"Parite, KARVIR",Kolhapur,MAHARASHTRA,16.540352999412473,74.11959200049235,121128,178825
Budhgaon 1,SCE,Sub-centre,"Sulkud, KAGAL",Kolhapur,MAHARASHTRA,16.542148999362666,74.36315999929275,121131,178731
Budhgaon 2,SCE,Sub-centre,"Sulkud, KAGAL",Kolhapur,MAHARASHTRA,16.542148999362666,74.36315999929275,121132,178731
Maouje Digraj,SCE,Sub-centre,"Pimpalgaon Kh., KAGAL",Kolhapur,MAHARASHTRA,16.544206000186207,74.31280699947166,121138,178719
Sarud,SCE,Sub-centre,"Bamani, KAGAL",Kolhapur,MAHARASHTRA,16.54496099980437,74.2376700001879,121141,178666
Talgaon,SCE,Sub-centre,"Bele, KARVIR",Kolhapur,MAHARASHTRA,16.547979999974228,74.13662999973653,121154,178750
Konoli,SCE,Sub-centre,"Bele, KARVIR",Kolhapur,MAHARASHTRA,16.549580000036062,74.13862999990195,121158,178750
Nandgaon,SCE,Sub-centre,"Nandgaon, KARVIR",Kolhapur,MAHARASHTRA,16.55334799966114,74.21353000025755,121187,178815
Kine,SCE,Sub-centre,"Ispurli, KARVIR",Kolhapur,MAHARASHTRA,16.56399999986034,74.17388299982166,121211,178780
Chouke,SCE,Sub-centre,"Bele, KARVIR",Kolhapur,MAHARASHTRA,16.56798000019301,74.13463000046941,121222,178750
Tarale Khurd,SCE,Sub-centre,"Kothali, KARVIR",Kolhapur,MAHARASHTRA,16.569999999828948,74.13260000016679,121228,178802
Yelwade,SCE,Sub-centre,"Kothali, KARVIR",Kolhapur,MAHARASHTRA,16.570010000460673,74.13260999931421,121235,178802
Shirgaon,SCE,Sub-centre,"Kothali, KARVIR",Kolhapur,MAHARASHTRA,16.570020000230873,74.13262000025827,121238,178802
Nartwade,SCE,Sub-centre,"Kothali, KARVIR",Kolhapur,MAHARASHTRA,16.570020000230873,74.13262000025827,121239,178802
Durgmanwad,SCE,Sub-centre,"Kothali, KARVIR",Kolhapur,MAHARASHTRA,16.570020000230873,74.13262000025827,121240,178802
Ghudewade,SCE,Sub-centre,"Kothali, KARVIR",Kolhapur,MAHARASHTRA,16.570039999769758,74.13262000025827,121241,178802
Ka. Khotwadi,SCE,Sub-centre,"Sangaon Mouje, KAGAL",Kolhapur,MAHARASHTRA,16.573099999453394,74.34420199935079,121255,178713
Ghanawade,SCE,Sub-centre,"Manjarwadi, KARVIR",Kolhapur,MAHARASHTRA,16.578846000073245,74.04469999963435,121278,178770
Kothali,SCE,Sub-centre,"Kothali, KARVIR",Kolhapur,MAHARASHTRA,16.57999439957829,74.13280000018334,121281,178802
Girgaon,SCE,Sub-centre,"Girgaon, KARVIR",Kolhapur,MAHARASHTRA,16.61000000027496,74.22000000020873,121363,178771
Ghosarwad,SCE,Sub-centre,"Ghosarwad, SHIROL",Kolhapur,MAHARASHTRA,16.613935599274946,74.55658080050704,121377,179187
Nrusinhawadi,SCE,Sub-centre,"Aurwad, SHIROL",Kolhapur,MAHARASHTRA,16.696646699790474,74.60783440002801,121566,179177
Ganeshwadi,SCE,Sub-centre,"Ganeshwadi, SHIROL",Kolhapur,MAHARASHTRA,16.709680600038418,74.68541000011801,121599,179185
Sule,SCE,Sub-centre,"Chikhali, KARVIR",Kolhapur,MAHARASHTRA,16.7149499995086,74.19272800068406,121618,178757
Dharangutti,SCE,Sub-centre,"Dharangutti, SHIROL",Kolhapur,MAHARASHTRA,16.731908799254654,74.56243909985204,121678,179184
Majagaon,SCE,Sub-centre,"Yevaluj, PANHALA",Kolhapur,MAHARASHTRA,16.73485199975935,74.13999999988052,121681,178968
Majanal,SCE,Sub-centre,"Yevaluj, PANHALA",Kolhapur,MAHARASHTRA,16.73485199975935,74.13999999988052,121682,178968
Shirol,SCE,Sub-centre,"Nagaon, HATKANANGLE",Kolhapur,MAHARASHTRA,16.751973100017494,74.27957999965658,121736,178635
Udgaon A.,SCE,Sub-centre,"Udagaon, SHIROL",Kolhapur,MAHARASHTRA,16.791480999623666,74.57269099996286,121860,179221
Umalwad,SCE,Sub-centre,"Umalwad, SHIROL",Kolhapur,MAHARASHTRA,16.800715900018226,74.54339000085876,121871,179222
Danoli,SCE,Sub-centre,"Kothali, SHIROL",Kolhapur,MAHARASHTRA,16.823466400574144,74.49650000016975,121942,179200
Khothali,SCE,Sub-centre,"Kothali, SHIROL",Kolhapur,MAHARASHTRA,16.82894999989684,74.53753999925205,121954,179200
Devale,SCE,Sub-centre,"Dewale, PANHALA",Kolhapur,MAHARASHTRA,16.847918999885664,74.10003699997546,121991,178878
Pokhale,SCE,Sub-centre,"Arale, PANHALA",Kolhapur,MAHARASHTRA,16.85777700033072,74.12350559996081,122010,178864
Patane,SCE,Sub-centre,"Patane, SHAHUWADI",Kolhapur,MAHARASHTRA,16.904180000186194,74.03295000068378,122102,179129
Thergaon,SCE,Sub-centre,"Thergaon, SHAHUWADI",Kolhapur,MAHARASHTRA,16.904858999764556,74.08655499974975,122105,179157
Waghve,SCE,Sub-centre,"Kotoli, SHAHUWADI",Kolhapur,MAHARASHTRA,16.98915900008055,73.95927400071687,122340,179109
Kololi,SCE,Sub-centre,"Kotoli, SHAHUWADI",Kolhapur,MAHARASHTRA,16.98915900008055,73.95927400071687,122341,179109
Pimpale,SCE,Sub-centre,"Kotoli, SHAHUWADI",Kolhapur,MAHARASHTRA,16.98915900008055,73.95927400071687,122342,179109
Malewadi,SCE,Sub-centre,"Sondoli, SHAHUWADI",Kolhapur,MAHARASHTRA,17.041764999617293,73.96243300007534,122470,179152
Ambewadi,SCE,Sub-centre,"Ambewadi, IGATPURI",Nashik,MAHARASHTRA,19.60839900046737,73.66539399940827,2447,182983
Khed,SCE,Sub-centre,"Indore, IGATPURI",Nashik,MAHARASHTRA,19.635680000547275,73.70659400012082,2491,183008
Murmbi,SCE,Sub-centre,"Borli, IGATPURI",Nashik,MAHARASHTRA,19.635700000109164,73.57098000034033,2492,182994
Wasali,SCE,Sub-centre,"Borli, IGATPURI",Nashik,MAHARASHTRA,19.635700000109164,73.57098000034033,2493,182994
Taked Bu,SCE,Sub-centre,"Borli, IGATPURI",Nashik,MAHARASHTRA,19.635720000514635,73.57099999953351,2494,182994
Mudhegaon,SCE,Sub-centre,"Borli, IGATPURI",Nashik,MAHARASHTRA,19.63572999944732,73.57100999957925,2495,182994
Belgaon Kurhe,SCE,Sub-centre,"Borli, IGATPURI",Nashik,MAHARASHTRA,19.63574999984905,73.57102999967076,2496,182994
Adharwad,SCE,Sub-centre,"Adharwad, IGATPURI",Nashik,MAHARASHTRA,19.677906000763066,73.73013300017664,2553,182980
Kanchangaon,SCE,Sub-centre,"Kanchangaon, IGATPURI",Nashik,MAHARASHTRA,19.685179,73.63743200032063,2561,183011
Sanjegaon,SCE,Sub-centre,"Senvad Bk, IGATPURI",Nashik,MAHARASHTRA,19.6858699994731,73.6583200001078,2564,183048
Korapgaon,SCE,Sub-centre,"Senvad Bk, IGATPURI",Nashik,MAHARASHTRA,19.6858699994731,73.6583200001078,2565,183048
Adsare Bk,SCE,Sub-centre,"Adsare Bk, IGATPURI",Nashik,MAHARASHTRA,19.695978000324285,73.80073399955236,2575,182977
Hivare,SCE,Sub-centre,"Hivare, SINNAR",Nashik,MAHARASHTRA,19.70166699953953,73.9800450003282,2583,183657
Chapadgaon,SCE,Sub-centre,"Chapadgaon, SINNAR",Nashik,MAHARASHTRA,19.70593499979268,74.03588800010931,2588,183635
Adwan,SCE,Sub-centre,"Adwan, IGATPURI",Nashik,MAHARASHTRA,19.726209000184742,73.59769000034854,2630,182981
Rohile,SCE,Sub-centre,"Pardevi, IGATPURI",Nashik,MAHARASHTRA,19.73760000014363,73.54978999953101,2646,183060
Vadgaon,SCE,Sub-centre,"Pardevi, IGATPURI",Nashik,MAHARASHTRA,19.737609999481325,73.54980000047512,2647,183060
Vaghera,SCE,Sub-centre,"Pardevi, IGATPURI",Nashik,MAHARASHTRA,19.737609999481325,73.54980000047512,2648,183060
Kochargaon 2,SCE,Sub-centre,"Pardevi, IGATPURI",Nashik,MAHARASHTRA,19.737620000509445,73.54980999962254,2649,183060
Jategaon,SCE,Sub-centre,"Pardevi, IGATPURI",Nashik,MAHARASHTRA,19.737629999845918,73.54982000056658,2650,183060
Gangamhalungi,SCE,Sub-centre,"Pardevi, IGATPURI",Nashik,MAHARASHTRA,19.737640000027252,73.549829999714,2651,183060
Vaitarna,SCE,Sub-centre,"Take Deogaon, TRIMBAKESHWAR",Nashik,MAHARASHTRA,19.76680799970925,73.49532699977426,4188,183855
Dapur,SCE,Sub-centre,"Dodi Bk., SINNAR",Nashik,MAHARASHTRA,19.778040000117034,74.10963000019844,4193,183649
Chass,SCE,Sub-centre,"Dodi Bk., SINNAR",Nashik,MAHARASHTRA,19.778040000117034,74.10963000019844,4194,183649
Take Deogaon,SCE,Sub-centre,"Take Deogaon, TRIMBAKESHWAR",Nashik,MAHARASHTRA,19.780675999918646,73.47105400067281,4197,183855
Dubere,SCE,Sub-centre,"Dhondvirnagar, SINNAR",Nashik,MAHARASHTRA,19.78897999969682,74.01534000008073,4200,183647
Paste,SCE,Sub-centre,"Dhondvirnagar, SINNAR",Nashik,MAHARASHTRA,19.78897999969682,74.01534000008073,4201,183647
Panchale,SCE,Sub-centre,"Dhondvirnagar, SINNAR",Nashik,MAHARASHTRA,19.789000000381698,74.01596000022184,4202,183647
Pangari Budruk,SCE,Sub-centre,"Dhondvirnagar, SINNAR",Nashik,MAHARASHTRA,19.789009999877912,74.01537000021796,4203,183647
Wadangali,SCE,Sub-centre,"Suregaon, SINNAR",Nashik,MAHARASHTRA,19.789009999877912,74.1536999996661,4204,183720
Pandhurli,SCE,Sub-centre,"Agas Khind, SINNAR",Nashik,MAHARASHTRA,19.811950000046554,73.83681000000277,4216,183624
Gonde Dumala,SCE,Sub-centre,"Gondedumala, IGATPURI",Nashik,MAHARASHTRA,19.82957200013278,73.67546400055554,4223,183007
Sawargaon junnar,SCE,Sub-centre,"Shevgedang, IGATPURI",Nashik,MAHARASHTRA,19.833500000232267,73.54724999959045,4227,183050
Murambi,SCE,Sub-centre,"Murambi, IGATPURI",Nashik,MAHARASHTRA,19.84348299953174,73.64773400037316,4233,183030
Wavi 1,SCE,Sub-centre,"Shaha, SINNAR",Nashik,MAHARASHTRA,19.85088999966886,74.26389000064964,4235,183710
Wavi 2,SCE,Sub-centre,"Shaha, SINNAR",Nashik,MAHARASHTRA,19.85088999966886,74.26389000064964,4236,183710
Shaha,SCE,Sub-centre,"Shaha, SINNAR",Nashik,MAHARASHTRA,19.850900000342516,74.26389999979706,4237,183710
Pathare Budruk,SCE,Sub-centre,"Shaha, SINNAR",Nashik,MAHARASHTRA,19.850919999998037,74.26391999988854,4238,183710
Modale,SCE,Sub-centre,"Modale, IGATPURI",Nashik,MAHARASHTRA,19.855435999624305,73.62124199992485,4240,259713
Rahuri,SCE,Sub-centre,"Rahuri, NASHIK",Nashik,MAHARASHTRA,19.858950000206463,73.84484699957605,4243,183411
Alwand,SCE,Sub-centre,"Bhilmal, TRIMBAKESHWAR",Nashik,MAHARASHTRA,19.8854899995412,73.53364000021656,4255,183839
Amboli,SCE,Sub-centre,"Bhilmal, TRIMBAKESHWAR",Nashik,MAHARASHTRA,19.8854899995412,73.53364000021656,4256,183839
Zarwad bk,SCE,Sub-centre,"Bhilmal, TRIMBAKESHWAR",Nashik,MAHARASHTRA,19.885500000566992,73.5336500002623,4257,183839
Samundi,SCE,Sub-centre,"Bhilmal, TRIMBAKESHWAR",Nashik,MAHARASHTRA,19.885509999902602,73.5336599994097,4258,183839
Torangan Trambak,SCE,Sub-centre,"Bhilmal, TRIMBAKESHWAR",Nashik,MAHARASHTRA,19.885520000082355,73.53367000035377,4259,183839
Pimpari,SCE,Sub-centre,"Gulvanch, SINNAR",Nashik,MAHARASHTRA,19.885827999902958,74.09022600019263,4260,183655
Bhilmal,SCE,Sub-centre,"Bhilmal, TRIMBAKESHWAR",Nashik,MAHARASHTRA,19.90652000050982,73.55057900062485,4269,183839
Wadaj,SCE,Sub-centre,"Metghar Killa, TRIMBAKESHWAR",Nashik,MAHARASHTRA,19.91229999973578,73.51476099991729,4272,183832
Yedgaon,SCE,Sub-centre,"Anjanneri, TRIMBAKESHWAR",Nashik,MAHARASHTRA,19.93298999932497,73.59592599928637,4278,183791
Vadholi,SCE,Sub-centre,"Vadholi, TRIMBAKESHWAR",Nashik,MAHARASHTRA,19.937402999796895,73.60870499953026,4279,183862
Aane,SCE,Sub-centre,"Vadangali, SINNAR",Nashik,MAHARASHTRA,19.948960000639588,74.13555399948585,4284,183724
Kale,SCE,Sub-centre,"Kachurli, TRIMBAKESHWAR",Nashik,MAHARASHTRA,19.95445000038559,73.48268800017074,4286,183818
Ghodegaon,SCE,Sub-centre,"Deolane, YEVLA",Nashik,MAHARASHTRA,19.956893000380123,74.60783400027775,4289,183891
Ranwad,SCE,Sub-centre,"Chandgiri, NASHIK",Nashik,MAHARASHTRA,19.962290000186623,73.86847000019579,4291,183369
Palse,SCE,Sub-centre,"Chandgiri, NASHIK",Nashik,MAHARASHTRA,19.96419000034688,73.87048999955437,4292,183369
Naigaon,SCE,Sub-centre,"Chandgiri, NASHIK",Nashik,MAHARASHTRA,19.964199999771697,73.87005000023665,4293,183369
Jakhori,SCE,Sub-centre,"Chandgiri, NASHIK",Nashik,MAHARASHTRA,19.964199999771697,73.87050000049842,4294,183369
Chincholi,SCE,Sub-centre,"Chandgiri, NASHIK",Nashik,MAHARASHTRA,19.9642100000402,73.87050999964585,4295,183369
Pimpalgaon (G),SCE,Sub-centre,"Bramhanwade, TRIMBAKESHWAR",Nashik,MAHARASHTRA,19.998819999891474,73.53117999974361,4308,183799
Anjanneri,SCE,Sub-centre,"Bramhanwade, TRIMBAKESHWAR",Nashik,MAHARASHTRA,19.998850000013636,73.53120999988084,4309,183799
Mukhed,SCE,Sub-centre,"Mukhed, YEVLA",Nashik,MAHARASHTRA,20.00749299975909,74.32282100054242,4311,183923
Saykheda,SCE,Sub-centre,"Saikhede, NIPHAD",Nashik,MAHARASHTRA,20.014231000660807,74.00797800000186,4313,183520
Deshmane,SCE,Sub-centre,"Chichodi Bk., YEVLA",Nashik,MAHARASHTRA,20.025990000272444,74.42970000003491,4319,183890
Patoda,SCE,Sub-centre,"Chichodi Bk., YEVLA",Nashik,MAHARASHTRA,20.025990000272444,74.42970000003491,4320,183890
Katarni,SCE,Sub-centre,"Chichodi Bk., YEVLA",Nashik,MAHARASHTRA,20.026010000557868,74.42972000012638,4321,183890
Vikharni,SCE,Sub-centre,"Chichodi Bk., YEVLA",Nashik,MAHARASHTRA,20.026010000557868,74.42972000012638,4322,183890
Jalgaon Neur,SCE,Sub-centre,"Chichodi Bk., YEVLA",Nashik,MAHARASHTRA,20.026029999996734,74.42974000021789,4323,183890
Goverdhan,SCE,Sub-centre,"Govardhan, NASHIK",Nashik,MAHARASHTRA,20.031449000478055,73.69629500044132,4324,183385
Rui,SCE,Sub-centre,"Deogaon, NIPHAD",Nashik,MAHARASHTRA,20.033419999943693,74.27467000055307,4326,183453
Vinchur 1,SCE,Sub-centre,"Deogaon, NIPHAD",Nashik,MAHARASHTRA,20.033460000308924,74.27470999983774,4327,183453
Khedlezungei,SCE,Sub-centre,"Deogaon, NIPHAD",Nashik,MAHARASHTRA,20.033469999554665,74.27471999988346,4328,183453
Koture,SCE,Sub-centre,"Kurudgaon, NIPHAD",Nashik,MAHARASHTRA,20.03660000057893,74.09954999990374,4332,183479
Niphad 1,SCE,Sub-centre,"Kurudgaon, NIPHAD",Nashik,MAHARASHTRA,20.03660000057893,74.09954999990374,4333,183479
Niphad 2,SCE,Sub-centre,"Kurudgaon, NIPHAD",Nashik,MAHARASHTRA,20.03660000057893,74.09954999990374,4334,183479
Chatori,SCE,Sub-centre,"Gondegaon, NIPHAD",Nashik,MAHARASHTRA,20.042850000028444,74.032199999948,4336,183455
Tamaswadi,SCE,Sub-centre,"Gondegaon, NIPHAD",Nashik,MAHARASHTRA,20.042880000190312,74.03223000008524,4337,183455
Naryangaon (kherwadi),SCE,Sub-centre,"Narayangaon, NIPHAD",Nashik,MAHARASHTRA,20.05233999941469,73.98173999999678,4339,183471
Muje Sukhene,SCE,Sub-centre,"Mauje Sukene, NIPHAD",Nashik,MAHARASHTRA,20.073897000281008,74.01396199970625,4343,183488
Kasbe Sukhene 1,SCE,Sub-centre,"Kasabe Sukene, NIPHAD",Nashik,MAHARASHTRA,20.073970000088618,74.03056899985353,4344,183465
Girnare,SCE,Sub-centre,"Girnare, NASHIK",Nashik,MAHARASHTRA,20.074341000146063,73.6609790007724,4345,183384
Dhondegaon,SCE,Sub-centre,"Dhondegaon, NASHIK",Nashik,MAHARASHTRA,20.078549000102907,73.61388200039411,4346,183374
Vele,SCE,Sub-centre,"Shivaji Nagar, TRIMBAKESHWAR",Nashik,MAHARASHTRA,20.08552900076877,73.55057900062485,4350,183853
Berwal,SCE,Sub-centre,"Shirasgaon, TRIMBAKESHWAR",Nashik,MAHARASHTRA,20.090090000290267,73.40226000022034,4352,183851
Harsul,SCE,Sub-centre,"Shirasgaon, TRIMBAKESHWAR",Nashik,MAHARASHTRA,20.090090000290267,73.40226000022034,4353,183851
Kharwal,SCE,Sub-centre,"Shirasgaon, TRIMBAKESHWAR",Nashik,MAHARASHTRA,20.090100000145732,73.40227000026607,4354,183851
Kharshet,SCE,Sub-centre,"Shirasgaon, TRIMBAKESHWAR",Nashik,MAHARASHTRA,20.09011000000057,73.40228000031182,4355,183851
Kalamuste,SCE,Sub-centre,"Shirasgaon, TRIMBAKESHWAR",Nashik,MAHARASHTRA,20.09011000000057,73.40228000031182,4356,183851
Nachlondi,SCE,Sub-centre,"Shirasgaon, TRIMBAKESHWAR",Nashik,MAHARASHTRA,20.090119999854764,73.40229000035754,4357,183851
Chinch Ohol,SCE,Sub-centre,"Shirasgaon, TRIMBAKESHWAR",Nashik,MAHARASHTRA,20.090119999854764,73.40229000035754,4358,183851
Ambedindori,SCE,Sub-centre,"Janori, DINDORI",Nashik,MAHARASHTRA,20.09638000010658,73.88398000017598,4359,182898
Korhate,SCE,Sub-centre,"Janori, DINDORI",Nashik,MAHARASHTRA,20.09639999985733,73.88400000026749,4360,182898
Khadak Sukene,SCE,Sub-centre,"Janori, DINDORI",Nashik,MAHARASHTRA,20.09645000048849,73.88404999959786,4361,182898
Navedhagur,SCE,Sub-centre," June Dhagur, DINDORI",Nashik,MAHARASHTRA,20.101149000679595,73.71542200043768,4362,182883
Shivdi,SCE,Sub-centre,"Shivadi, NIPHAD",Nashik,MAHARASHTRA,20.119857999667854,74.12619799998767,4368,183526
Thanapada,SCE,Sub-centre,"Thanapada, TRIMBAKESHWAR",Nashik,MAHARASHTRA,20.12022100013977,73.40034000042085,4370,183859
Dhamode,SCE,Sub-centre,"Mamdapur, YEVLA",Nashik,MAHARASHTRA,20.137300000191054,74.59752000052966,4379,183920
Mamdapur,SCE,Sub-centre,"Mamdapur, YEVLA",Nashik,MAHARASHTRA,20.137309999559676,74.59752999967708,4380,183920
Nagarsul,SCE,Sub-centre,"Mamdapur, YEVLA",Nashik,MAHARASHTRA,20.137309999559676,74.59752999967708,4381,183920
Sakore mig,SCE,Sub-centre,"Sakore, NIPHAD",Nashik,MAHARASHTRA,20.147726000028836,73.94259499970124,4392,183516
Khadak malegaon,SCE,Sub-centre,"Bramhangaon Vanas, NIPHAD",Nashik,MAHARASHTRA,20.15610999993838,74.13321000026215,4399,183438
Lasalgaon 1,SCE,Sub-centre,"Vaki Kh, CHANDVAD",Nashik,MAHARASHTRA,20.175069999643817,74.27477000011217,4402,182812
Takali v,SCE,Sub-centre,"Vaki Kh, CHANDVAD",Nashik,MAHARASHTRA,20.175079999965995,74.27478000015793,4403,182812
Deodongara,SCE,Sub-centre,"Deodongara, TRIMBAKESHWAR",Nashik,MAHARASHTRA,20.182649999966284,73.32960400042764,4405,183803
Bhaygaon,SCE,Sub-centre,"Kohor, PEINT",Nashik,MAHARASHTRA,20.193433000115395,73.59180200000529,4408,183589
Nimbale,SCE,Sub-centre,"Nimbale, CHANDVAD",Nashik,MAHARASHTRA,20.229299999998823,74.31768800005949,4426,182776
Astane,SCE,Sub-centre,"Rapali, CHANDVAD",Nashik,MAHARASHTRA,20.236889999896942,74.39740000050763,4432,182814
Kaulane,SCE,Sub-centre,"Rapali, CHANDVAD",Nashik,MAHARASHTRA,20.236900000463006,74.39740999965505,4433,182814
Tinghri,SCE,Sub-centre,"Rapali, CHANDVAD",Nashik,MAHARASHTRA,20.236900000463006,74.39740999965505,4434,182814
Chikhalohol,SCE,Sub-centre,"Rapali, CHANDVAD",Nashik,MAHARASHTRA,20.236920000750317,74.39742999974652,4435,182814
Khadakozar,SCE,Sub-centre,"Gurhale, CHANDVAD",Nashik,MAHARASHTRA,20.23898900051157,74.12729900035268,4438,182766
Vare,SCE,Sub-centre,"Kadawa Mhalungi, DINDORI",Nashik,MAHARASHTRA,20.244279999984496,73.81657999999155,4439,182904
Nalwadi,SCE,Sub-centre,"Kadawa Mhalungi, DINDORI",Nashik,MAHARASHTRA,20.244300000164746,73.81660000008301,4440,182904
Dindori 1,SCE,Sub-centre,"Kadawa Mhalungi, DINDORI",Nashik,MAHARASHTRA,20.244300000164746,73.81660000008301,4441,182904
Dindori 2,SCE,Sub-centre,"Kadawa Mhalungi, DINDORI",Nashik,MAHARASHTRA,20.244300000164746,73.81660000008301,4442,182904
Nilwandi,SCE,Sub-centre,"Kadawa Mhalungi, DINDORI",Nashik,MAHARASHTRA,20.24431000025392,73.81661000012876,4443,182904
Valkhed,SCE,Sub-centre,"Kadawa Mhalungi, DINDORI",Nashik,MAHARASHTRA,20.24431000025392,73.81661000012876,4444,182904
Koshimbe,SCE,Sub-centre,"Kadawa Mhalungi, DINDORI",Nashik,MAHARASHTRA,20.24431000025392,73.81661000012876,4445,182904
madakijamb,SCE,Sub-centre,"Kadawa Mhalungi, DINDORI",Nashik,MAHARASHTRA,20.24431999949963,73.81662000017452,4446,182904
Ozar Khed,SCE,Sub-centre,"Kadawa Mhalungi, DINDORI",Nashik,MAHARASHTRA,20.24431999949963,73.81662000017452,4447,182904
Pimperkhed,SCE,Sub-centre,"Kadawa Mhalungi, DINDORI",Nashik,MAHARASHTRA,20.244330000430313,73.81663000022024,4448,182904
Vani Khurd,SCE,Sub-centre,"Kadawa Mhalungi, DINDORI",Nashik,MAHARASHTRA,20.24433999967473,73.816640000266,4449,182904
Ahiwantwadi,SCE,Sub-centre,"Kadawa Mhalungi, DINDORI",Nashik,MAHARASHTRA,20.24433999967473,73.816640000266,4450,182904
Peint 2,SCE,Sub-centre,"Peint, PEINT",Nashik,MAHARASHTRA,20.258482000429645,73.50917700024598,4456,183605
Mokbhangi,SCE,Sub-centre,"Tisgaon, DINDORI",Nashik,MAHARASHTRA,20.263210000797933,73.95471000032147,4458,182964
Khedgaon,SCE,Sub-centre,"Tisgaon, DINDORI",Nashik,MAHARASHTRA,20.263210000797933,73.95471000032147,4459,182964
Khedgaon,SCE,Sub-centre,"Tisgaon, DINDORI",Nashik,MAHARASHTRA,20.263210000797933,73.95471000032147,4460,182964
Tisgaon,SCE,Sub-centre,"Tisgaon, DINDORI",Nashik,MAHARASHTRA,20.263210000797933,73.95471000032147,4461,182964
Rajapur,SCE,Sub-centre,"Tisgaon, DINDORI",Nashik,MAHARASHTRA,20.263210000797933,73.95471000032147,4462,182964
Rajapur,SCE,Sub-centre,"Tisgaon, DINDORI",Nashik,MAHARASHTRA,20.263210000797933,73.95471000032147,4463,182964
Varkheda,SCE,Sub-centre,"Tisgaon, DINDORI",Nashik,MAHARASHTRA,20.26321999966933,73.95471999946889,4464,182964
Mheluske,SCE,Sub-centre,"Kadawa Mhalungi, DINDORI",Nashik,MAHARASHTRA,20.26857800006104,73.81654200035672,4466,182904
Shingve,SCE,Sub-centre,"Shingve, CHANDVAD",Nashik,MAHARASHTRA,20.278836999432315,74.4085989998124,4475,182794
Pimpalnare,SCE,Sub-centre,"Vadner Bhairao, CHANDVAD",Nashik,MAHARASHTRA,20.282129999827777,74.03223000008524,4477,182810
Bhalur,SCE,Sub-centre,"Mandwad, NANDGAON",Nashik,MAHARASHTRA,20.285240000196346,74.58799000005588,4479,183330
Kasari,SCE,Sub-centre,"Mandwad, NANDGAON",Nashik,MAHARASHTRA,20.285240000196346,74.5880000001016,4480,183330
Pokhari,SCE,Sub-centre,"Mandwad, NANDGAON",Nashik,MAHARASHTRA,20.285260000153947,74.58800999924902,4481,183330
Kalamdari,SCE,Sub-centre,"Mandwad, NANDGAON",Nashik,MAHARASHTRA,20.28527000013181,74.58802000019307,4482,183330
Vehelgaon,SCE,Sub-centre,"Mandwad, NANDGAON",Nashik,MAHARASHTRA,20.28528000010899,74.58802999934053,4483,183330
Badgi,SCE,Sub-centre,"Jamale, PEINT",Nashik,MAHARASHTRA,20.295112000346013,73.49314900023192,4489,183556
Jalgaon,SCE,Sub-centre,"Dahegaon Manmad, CHANDVAD",Nashik,MAHARASHTRA,20.297760000415998,74.4397599993398,4492,182739
Uswad,SCE,Sub-centre,"Dahegaon Manmad, CHANDVAD",Nashik,MAHARASHTRA,20.297789999612746,74.43979000037533,4493,182739
Bhuvan,SCE,Sub-centre,"Jamale, PEINT",Nashik,MAHARASHTRA,20.30023000020669,73.49053999979604,4495,183556
Borvat,SCE,Sub-centre,"Jamale, PEINT",Nashik,MAHARASHTRA,20.30023000020669,73.49053999979604,4496,183556
Gondegaon,SCE,Sub-centre,"Jamale, PEINT",Nashik,MAHARASHTRA,20.30023000020669,73.49053999979604,4497,183556
Mhasgan,SCE,Sub-centre,"Jamale, PEINT",Nashik,MAHARASHTRA,20.300240000060956,73.49054999984179,4498,183556
Kopurli Khurd,SCE,Sub-centre,"Jamale, PEINT",Nashik,MAHARASHTRA,20.300240000060956,73.49054999984179,4499,183556
Ustale,SCE,Sub-centre,"Jamale, PEINT",Nashik,MAHARASHTRA,20.3002499999146,73.49055999988755,4500,183556
Kumbhale,SCE,Sub-centre,"Jamale, PEINT",Nashik,MAHARASHTRA,20.3002499999146,73.49055999988755,4501,183556
Karanjali,SCE,Sub-centre,"Jamale, PEINT",Nashik,MAHARASHTRA,20.300260000610127,73.49056999993329,4502,183556
Shelu,SCE,Sub-centre,"Chandvad, CHANDVAD",Nashik,MAHARASHTRA,20.319840000718944,74.25789000015342,4511,182736
Mangrul,SCE,Sub-centre,"Chandvad, CHANDVAD",Nashik,MAHARASHTRA,20.319850000149003,74.25790000019917,4512,182736
Bhatgaon,SCE,Sub-centre,"Chandvad, CHANDVAD",Nashik,MAHARASHTRA,20.319850000149003,74.25790000019917,4513,182736
Sogras,SCE,Sub-centre,"Chandvad, CHANDVAD",Nashik,MAHARASHTRA,20.319850000149003,74.25790000019917,4514,182736
Talwade,SCE,Sub-centre,"Chandvad, CHANDVAD",Nashik,MAHARASHTRA,20.31986000042084,74.25790999934661,4515,182736
Devergaon,SCE,Sub-centre,"Chandvad, CHANDVAD",Nashik,MAHARASHTRA,20.31986000042084,74.25790999934661,4516,182736
Talwade,SCE,Sub-centre,"Chandvad, CHANDVAD",Nashik,MAHARASHTRA,20.31986000042084,74.25790999934661,4517,182736
Hatti,SCE,Sub-centre,"Chandvad, CHANDVAD",Nashik,MAHARASHTRA,20.32916699951191,74.24444399991273,4520,182736
Kondhar,SCE,Sub-centre,"Kondhar, NANDGAON",Nashik,MAHARASHTRA,20.332733999221634,74.56390400055217,4525,183321
Vani 1,SCE,Sub-centre,"Charose, DINDORI",Nashik,MAHARASHTRA,20.335580000754742,73.67512999974636,4529,182874
Vani 2,SCE,Sub-centre,"Charose, DINDORI",Nashik,MAHARASHTRA,20.335580000754742,73.67512999974636,4530,182874
Vani 3,SCE,Sub-centre,"Charose, DINDORI",Nashik,MAHARASHTRA,20.335580000754742,73.67512999974636,4531,182874
Mawadi,SCE,Sub-centre,"Charose, DINDORI",Nashik,MAHARASHTRA,20.335590000009503,73.67513999979212,4532,182874
Haste Dumala,SCE,Sub-centre,"Charose, DINDORI",Nashik,MAHARASHTRA,20.335590000009503,73.67513999979212,4533,182874
Paregaon,SCE,Sub-centre,"Charose, DINDORI",Nashik,MAHARASHTRA,20.3356100002018,73.67515999988359,4534,182874
Pandane,SCE,Sub-centre,"Charose, DINDORI",Nashik,MAHARASHTRA,20.3356100002018,73.67515999988359,4535,182874
Jogmodi,SCE,Sub-centre,"Vadabari, PEINT",Nashik,MAHARASHTRA,20.336750999137926,73.58002500039223,4536,183579
Ambaner,SCE,Sub-centre,"Ambaner, DINDORI",Nashik,MAHARASHTRA,20.362081000182325,73.86506200041697,4551,182860
Pardhadi,SCE,Sub-centre,"Birole, NANDGAON",Nashik,MAHARASHTRA,20.364810000439874,74.81366000016979,4554,183288
Jalgaon Khurd,SCE,Sub-centre,"Birole, NANDGAON",Nashik,MAHARASHTRA,20.364819999487057,74.81367000021554,4555,183288
Pimpalgaon Baswant 1,SCE,Sub-centre,"Koshimbe, DINDORI",Nashik,MAHARASHTRA,20.370159999456202,73.76940999981832,4557,182919
Pimpalgaon Baswant 2,SCE,Sub-centre,"Koshimbe, DINDORI",Nashik,MAHARASHTRA,20.370159999456202,73.76940999981832,4558,182919
Palkhed,SCE,Sub-centre,"Koshimbe, DINDORI",Nashik,MAHARASHTRA,20.370210000532012,73.76946000004703,4559,182919
Chinchkhed,SCE,Sub-centre,"Koshimbe, DINDORI",Nashik,MAHARASHTRA,20.370220000071484,73.76946999919446,4560,182919
Davachwadi,SCE,Sub-centre,"Koshimbe, DINDORI",Nashik,MAHARASHTRA,20.370220000071484,73.76946999919446,4561,182919
Ambe,SCE,Sub-centre,"Ambe, PEINT",Nashik,MAHARASHTRA,20.372992000027317,73.50640200012876,4563,183553
Bandharpada,SCE,Sub-centre,"Koshimbe, DINDORI",Nashik,MAHARASHTRA,20.37523199946272,73.76727499993372,4565,182919
Khirdi,SCE,Sub-centre,"Khobale Digar, SURGANA",Nashik,MAHARASHTRA,20.376551000007893,73.42391400063683,4566,183757
Saptashrungigad,SCE,Sub-centre,"Saptashrungagad, KALWAN",Nashik,MAHARASHTRA,20.3902390003626,73.90908399930578,4574,183135
Tarwade,SCE,Sub-centre,"Ghodegaon, MALEGAON",Nashik,MAHARASHTRA,20.400000000161803,74.51999999986752,4580,183183
Shirud 2,SCE,Sub-centre,"Nimbait, MALEGAON",Nashik,MAHARASHTRA,20.400000000161803,74.55000000055206,4581,183227
Kalmane,SCE,Sub-centre,"Modhalpada, SURGANA",Nashik,MAHARASHTRA,20.400413000004242,73.52112899976123,4582,183754
Sonaj,SCE,Sub-centre,"Shirsondi, MALEGAON",Nashik,MAHARASHTRA,20.417390000661925,74.4195399993743,4591,183254
Chinchve,SCE,Sub-centre,"Mahatma Fule Nagar, DEOLA",Nashik,MAHARASHTRA,20.417460000414067,74.31850999986696,4592,182834
Chinchave,SCE,Sub-centre,"Mahatma Fule Nagar, DEOLA",Nashik,MAHARASHTRA,20.417460000414067,74.31850999986696,4593,182834
Deola 1,SCE,Sub-centre,"Bhilwad, DEOLA",Nashik,MAHARASHTRA,20.429979999676256,74.20398000059059,4596,182855
Deola 2,SCE,Sub-centre,"Bhilwad, DEOLA",Nashik,MAHARASHTRA,20.429979999676256,74.20398000059059,4597,182855
Meshi,SCE,Sub-centre,"Bhilwad, DEOLA",Nashik,MAHARASHTRA,20.429989999546148,74.20398999973801,4598,182855
Sutare,SCE,Sub-centre,"Patali, SURGANA",Nashik,MAHARASHTRA,20.43000000025722,73.49999999994962,4599,183772
Matane,SCE,Sub-centre,"Bhilwad, DEOLA",Nashik,MAHARASHTRA,20.43000000025722,74.20400000068207,4600,182855
Palsi,SCE,Sub-centre,"Palshi, NANDGAON",Nashik,MAHARASHTRA,20.433861999809807,74.78637000020345,4601,183341
Gunjalnager,SCE,Sub-centre,"Subhashnagar, DEOLA",Nashik,MAHARASHTRA,20.434389000400397,74.18564699991425,4602,182846
Moghan,SCE,Sub-centre,"Manjare, MALEGAON",Nashik,MAHARASHTRA,20.44000000031826,74.44999999946803,4607,183214
Shirud 1,SCE,Sub-centre,"Mehune, MALEGAON",Nashik,MAHARASHTRA,20.44000000031826,74.52999999979627,4608,183217
Nimgul,SCE,Sub-centre,"Nimgaon, MALEGAON",Nashik,MAHARASHTRA,20.4499999997454,74.57999999943998,4611,183228
Gagbhari,SCE,Sub-centre,"Umbarpada Digar, SURGANA",Nashik,MAHARASHTRA,20.45027099950404,73.76580399967281,4612,183785
Salbhoye,SCE,Sub-centre,"Umbarde, SURGANA",Nashik,MAHARASHTRA,20.459128999418777,73.65067800054477,4622,183742
Gartad,SCE,Sub-centre,"Thangaon, SURGANA",Nashik,MAHARASHTRA,20.46000000067448,73.45000000030593,4623,183784
Deshirvade,SCE,Sub-centre,"Matane, DEOLA",Nashik,MAHARASHTRA,20.46000000067448,74.15000000070758,4624,182836
Vhelhane,SCE,Sub-centre,"Mehune, MALEGAON",Nashik,MAHARASHTRA,20.46000000067448,74.539999999725,4625,183217
Deola,SCE,Sub-centre,"Deola, DEOLA",Nashik,MAHARASHTRA,20.46042299977374,74.18289400043668,4626,182818
Nimgaon Sinnar,SCE,Sub-centre,"Malagaon, MALEGAON",Nashik,MAHARASHTRA,20.48669999937641,74.61495000030929,4637,183213
Malgaon,SCE,Sub-centre,"Malagaon, MALEGAON",Nashik,MAHARASHTRA,20.48669999937641,74.61495000030929,4638,183213
Chandanpuri,SCE,Sub-centre,"Malagaon, MALEGAON",Nashik,MAHARASHTRA,20.486719999304356,74.61497000040077,4639,183213
Raitel,SCE,Sub-centre,"Patali, SURGANA",Nashik,MAHARASHTRA,20.49000000016213,73.53999999966457,4641,183772
Bramhanwel,SCE,Sub-centre,"Malwadi, DEOLA",Nashik,MAHARASHTRA,20.49000000016213,74.20000000035124,4642,182835
Narval,SCE,Sub-centre,"Kaulane (N), MALEGAON",Nashik,MAHARASHTRA,20.49000000016213,74.49000000008131,4643,183201
Vake,SCE,Sub-centre,"Vake, MALEGAON",Nashik,MAHARASHTRA,20.49182999934466,74.43204499998181,4647,183269
Amda Palsan,SCE,Sub-centre,"Chinchpada, SURGANA",Nashik,MAHARASHTRA,20.494571999861655,73.53879900063875,4649,183743
Otur,SCE,Sub-centre,"Navi Bej, KALWAN",Nashik,MAHARASHTRA,20.505530000253916,74.04563000029519,4657,183123
Manur,SCE,Sub-centre,"Navi Bej, KALWAN",Nashik,MAHARASHTRA,20.50553999941051,74.04564000034091,4658,183123
Kalwan3,SCE,Sub-centre,"Navi Bej, KALWAN",Nashik,MAHARASHTRA,20.505550000249237,74.04564000034091,4659,183123
Nivane,SCE,Sub-centre,"Navi Bej, KALWAN",Nashik,MAHARASHTRA,20.505550000249237,74.04565000038666,4660,183123
Vithewadi,SCE,Sub-centre,"Vithewadi, DEOLA",Nashik,MAHARASHTRA,20.50805100053917,74.16803500055974,4661,182853
Hatti,SCE,Sub-centre,"Karwande, SURGANA",Nashik,MAHARASHTRA,20.5084320000412,73.70391699991286,4662,183751
Khobala,SCE,Sub-centre,"Ganeshnagar, SURGANA",Nashik,MAHARASHTRA,20.509672999480603,73.59032999991946,4663,183758
Raver,SCE,Sub-centre,"Aghar Kh, MALEGAON",Nashik,MAHARASHTRA,20.50999999990799,74.42000000058015,4664,183150
wadjai,SCE,Sub-centre,"Mungase, MALEGAON",Nashik,MAHARASHTRA,20.50999999990799,74.48000000015257,4665,183220
Wasmar,SCE,Sub-centre,"Yesgaon Bk, MALEGAON",Nashik,MAHARASHTRA,20.50999999990799,74.57999999943998,4666,183274
Gopalkhadi,SCE,Sub-centre,"Balapur, KALWAN",Nashik,MAHARASHTRA,20.5114119999152,73.96059600011654,4668,245149
Navibej,SCE,Sub-centre,"Navi Bej, KALWAN",Nashik,MAHARASHTRA,20.51586000018595,74.07333900056115,4670,183123
Pimpalgaon,SCE,Sub-centre,"Deopurpada, DEOLA",Nashik,MAHARASHTRA,20.51999999998422,74.29999999963863,4673,182833
Nandre,SCE,Sub-centre,"Deopurpada, DEOLA",Nashik,MAHARASHTRA,20.51999999998422,74.29999999963863,4674,182833
Ozar 3,SCE,Sub-centre,"Dhekale, KALWAN",Nashik,MAHARASHTRA,20.5212799996741,73.93113000025772,4677,183091
Ozar 4,SCE,Sub-centre,"Dhekale, KALWAN",Nashik,MAHARASHTRA,20.5212799996741,73.93113000025772,4678,183091
Abhona 2,SCE,Sub-centre,"Dhekale, KALWAN",Nashik,MAHARASHTRA,20.521290000326232,73.93113999940515,4679,183091
Kanashi 2,SCE,Sub-centre,"Dhekale, KALWAN",Nashik,MAHARASHTRA,20.521300000136417,73.93115000034919,4680,183091
Bordaivat,SCE,Sub-centre,"Dhekale, KALWAN",Nashik,MAHARASHTRA,20.521309999945952,73.93115999949661,4681,183091
Pimpla Khurd,SCE,Sub-centre,"Dhekale, KALWAN",Nashik,MAHARASHTRA,20.52131999975483,73.93117000044067,4682,183091
Pimpla Budruk,SCE,Sub-centre,"Dhekale, KALWAN",Nashik,MAHARASHTRA,20.52131999975483,73.93117000044067,4683,183091
Juni Bej,SCE,Sub-centre,"Navi Bej, KALWAN",Nashik,MAHARASHTRA,20.52426999982257,74.07040200006223,4684,183123
Vadner,SCE,Sub-centre,"Sitane, MALEGAON",Nashik,MAHARASHTRA,20.52441000026913,74.66225000017887,4685,183255
Vadel,SCE,Sub-centre,"Sitane, MALEGAON",Nashik,MAHARASHTRA,20.52443999992749,74.66228000031607,4686,183255
Kashti,SCE,Sub-centre,"Sitane, MALEGAON",Nashik,MAHARASHTRA,20.524450000373175,74.66228000031607,4687,183255
Pohane,SCE,Sub-centre,"Sitane, MALEGAON",Nashik,MAHARASHTRA,20.524450000373175,74.66229000036182,4688,183255
Balapur,SCE,Sub-centre,"Tehare, MALEGAON",Nashik,MAHARASHTRA,20.529999999676164,74.50000000001006,4691,183260
Dhavaleshwar,SCE,Sub-centre,"Patane, MALEGAON",Nashik,MAHARASHTRA,20.536300000264085,74.45662999925281,4695,183236
Patane,SCE,Sub-centre,"Patane, MALEGAON",Nashik,MAHARASHTRA,20.53699000039032,74.45658999996814,4697,183236
Mungase,SCE,Sub-centre,"Patane, MALEGAON",Nashik,MAHARASHTRA,20.537000000015688,74.45660000001389,4698,183236
Dabhadi 1,SCE,Sub-centre,"Patane, MALEGAON",Nashik,MAHARASHTRA,20.537000000015688,74.45660000001389,4699,183236
Pratapgad,SCE,Sub-centre,"Bhormal, SURGANA",Nashik,MAHARASHTRA,20.539020000107566,73.58002500039223,4701,183738
Amli,SCE,Sub-centre,"Pilakos, DEOLA",Nashik,MAHARASHTRA,20.53999999943509,74.11000000009426,4703,183131
Dalwat,SCE,Sub-centre,"Dalwat, KALWAN",Nashik,MAHARASHTRA,20.541731000390005,73.82646800066561,4704,183081
Shingashi,SCE,Sub-centre,"Shingashi, KALWAN",Nashik,MAHARASHTRA,20.542105999925727,73.84558200024318,4705,245151
Aliyabad,SCE,Sub-centre,"Dabhadi, MALEGAON",Nashik,MAHARASHTRA,20.549190000070645,74.45882000028732,4713,183164
Lakhmapur,SCE,Sub-centre,"Dhandri, BAGLAN",Nashik,MAHARASHTRA,20.549630000013874,74.32528000029215,4715,182635
Mulher,SCE,Sub-centre,"Dabhadi, MALEGAON",Nashik,MAHARASHTRA,20.54988999969079,74.45882000028732,4716,183164
Vaghamba,SCE,Sub-centre,"Dabhadi, MALEGAON",Nashik,MAHARASHTRA,20.549909999777025,74.45884000037883,4717,183164
Pimpalgaon,SCE,Sub-centre,"Dabhadi, MALEGAON",Nashik,MAHARASHTRA,20.549920000239744,74.45885000042456,4718,183164
Pimpalkothe,SCE,Sub-centre,"Dabhadi, MALEGAON",Nashik,MAHARASHTRA,20.549929999860662,74.45885999957198,4720,183164
Waskhedi,SCE,Sub-centre,"More Nagar, BAGLAN",Nashik,MAHARASHTRA,20.550000000553297,74.22000000020873,4721,182673
Warkhedi,SCE,Sub-centre,"Dabhadi, MALEGAON",Nashik,MAHARASHTRA,20.550000000553297,74.49000000008131,4722,183164
Arai,SCE,Sub-centre,"More Nagar, BAGLAN",Nashik,MAHARASHTRA,20.55668300037095,74.22380200017284,4725,182673
Kasara,SCE,Sub-centre,"Khamkhede, DEOLA",Nashik,MAHARASHTRA,20.56000000011701,74.13999999988052,4728,182828
Shewali,SCE,Sub-centre,"Shemali, BAGLAN",Nashik,MAHARASHTRA,20.56000000011701,74.2599999999237,4729,182698
Ner 1,SCE,Sub-centre,"Bramhangaon, BAGLAN",Nashik,MAHARASHTRA,20.56000000011701,74.3099999995674,4730,182621
Pimpalner,SCE,Sub-centre,"Bodhe, MALEGAON",Nashik,MAHARASHTRA,20.56000000011701,74.70000000038146,4731,183167
Kasare 2,SCE,Sub-centre,"Pimpaldar, BAGLAN",Nashik,MAHARASHTRA,20.570000000259423,74.12000000002304,4738,182691
Kavthi,SCE,Sub-centre,"Pandharun, MALEGAON",Nashik,MAHARASHTRA,20.570000000259423,74.35000000018066,4739,183234
Nimdale,SCE,Sub-centre,"Jalgaon (Galane), MALEGAON",Nashik,MAHARASHTRA,20.570000000259423,74.40999999975308,4740,183188
Biladi,SCE,Sub-centre,"Dabhadi, MALEGAON",Nashik,MAHARASHTRA,20.570000000259423,74.48000000015257,4741,183164
Pimpalner 3,SCE,Sub-centre,"Dabhadi, MALEGAON",Nashik,MAHARASHTRA,20.570000000259423,74.50000000001006,4742,183164
Nalid,SCE,Sub-centre,"Bhandane {Pimpale}, KALWAN",Nashik,MAHARASHTRA,20.57236700032019,73.9701469996084,4743,183120
Mani,SCE,Sub-centre,"Walutzira, SURGANA",Nashik,MAHARASHTRA,20.57318999957055,73.58849000048596,4744,183737
Sarad,SCE,Sub-centre,"Walutzira, SURGANA",Nashik,MAHARASHTRA,20.573200000191214,73.58849999963338,4745,183737
Khirad,SCE,Sub-centre,"Walutzira, SURGANA",Nashik,MAHARASHTRA,20.573209999970217,73.58849999963338,4746,183737
Borgaon,SCE,Sub-centre,"Walutzira, SURGANA",Nashik,MAHARASHTRA,20.573209999970217,73.58851000057744,4747,183737
Mohpada,SCE,Sub-centre,"Walutzira, SURGANA",Nashik,MAHARASHTRA,20.573209999970217,73.58851000057744,4748,183737
Kukudane,SCE,Sub-centre,"Walutzira, SURGANA",Nashik,MAHARASHTRA,20.5732199997486,73.58851999972485,4749,183737
Pangarne 1,SCE,Sub-centre,"Walutzira, SURGANA",Nashik,MAHARASHTRA,20.5732199997486,73.58851999972485,4750,183737
Mehargaon,SCE,Sub-centre,"Talwade, MALEGAON",Nashik,MAHARASHTRA,20.57999999974916,74.37000000003812,4752,183259
Ghongade,SCE,Sub-centre,"Wadi Chaulher, BAGLAN",Nashik,MAHARASHTRA,20.58999999987773,74.11000000009426,4759,182711
Ghodade,SCE,Sub-centre,"Wadi Chaulher, BAGLAN",Nashik,MAHARASHTRA,20.58999999987773,74.11000000009426,4760,182711
Vitave,SCE,Sub-centre,"More Nagar, BAGLAN",Nashik,MAHARASHTRA,20.58999999987773,74.20000000035124,4761,182673
Khori,SCE,Sub-centre,"More Nagar, BAGLAN",Nashik,MAHARASHTRA,20.58999999987773,74.20000000035124,4762,182673
Dahiwal,SCE,Sub-centre,"Sajvahal, MALEGAON",Nashik,MAHARASHTRA,20.59055000019852,74.6740100000735,4764,183243
Deoghat,SCE,Sub-centre,"Sajvahal, MALEGAON",Nashik,MAHARASHTRA,20.59055000019852,74.6740100000735,4765,183243
Padalde,SCE,Sub-centre,"Sajvahal, MALEGAON",Nashik,MAHARASHTRA,20.590560000522352,74.67402000011924,4766,183243
Kathare Digar,SCE,Sub-centre,"Kathare Digar, KALWAN",Nashik,MAHARASHTRA,20.61760600048313,73.89409499973247,4777,183102
Londhe,SCE,Sub-centre,"Hiswal Bk, MALEGAON",Nashik,MAHARASHTRA,20.623145000008456,74.7808459999083,4780,183187
Vasol,SCE,Sub-centre,"Kautikpada, BAGLAN",Nashik,MAHARASHTRA,20.637789999868072,74.17703999953031,4788,237156
Pilakos,SCE,Sub-centre,"Kautikpada, BAGLAN",Nashik,MAHARASHTRA,20.637799999612906,74.17705000047437,4789,237156
Lohoner,SCE,Sub-centre,"Kautikpada, BAGLAN",Nashik,MAHARASHTRA,20.637799999612906,74.17705000047437,4790,237156
Munjwad,SCE,Sub-centre,"Kautikpada, BAGLAN",Nashik,MAHARASHTRA,20.637799999612906,74.17705000047437,4791,237156
Aundane,SCE,Sub-centre,"Kautikpada, BAGLAN",Nashik,MAHARASHTRA,20.637799999612906,74.17705000047437,4792,237156
Visapur,SCE,Sub-centre,"Kautikpada, BAGLAN",Nashik,MAHARASHTRA,20.63781000019776,74.17705999962179,4793,237156
Joran,SCE,Sub-centre,"Kautikpada, BAGLAN",Nashik,MAHARASHTRA,20.637819999941282,74.17707000056583,4794,237156
Kikwari Khurd,SCE,Sub-centre,"Kautikpada, BAGLAN",Nashik,MAHARASHTRA,20.637819999941282,74.17707999971326,4795,237156
Ajmersaundane,SCE,Sub-centre,"Kautikpada, BAGLAN",Nashik,MAHARASHTRA,20.637839999426326,74.17709000065736,4796,237156
Khuntvihir,SCE,Sub-centre,"Ranvihir, SURGANA",Nashik,MAHARASHTRA,20.63803699967805,73.54321599982278,4797,183760
Ravalgaon,SCE,Sub-centre,"Vaygaon, BAGLAN",Nashik,MAHARASHTRA,20.64721999937409,74.36564999990294,4803,182717
Ravalgaon2,SCE,Sub-centre,"Vaygaon, BAGLAN",Nashik,MAHARASHTRA,20.64721999937409,74.36572000022312,4804,182717
Kapaleshwar,SCE,Sub-centre,"Kikwari Kh., BAGLAN",Nashik,MAHARASHTRA,20.65611099931429,74.06379300019387,4808,182659
Hatane,SCE,Sub-centre,"Hatane, MALEGAON",Nashik,MAHARASHTRA,20.657549000322817,74.56390400055217,4809,183186
Virgaon,SCE,Sub-centre,"Virgaon, BAGLAN",Nashik,MAHARASHTRA,20.66803700037725,74.14202179946291,4814,182719
Pathawe,SCE,Sub-centre,"Pathave Digar, BAGLAN",Nashik,MAHARASHTRA,20.675864999202442,74.01238500003846,4818,182688
Borghar,SCE,Sub-centre,"Met Humbhachi, TRIMBAKESHWAR",Nashik,MAHARASHTRA,19.83602999929678,73.43469199999208,48202,183804
Kupkheda,SCE,Sub-centre,"Kupkhede, BAGLAN",Nashik,MAHARASHTRA,20.698039999386058,74.27955200006751,4826,182661
Gorane,SCE,Sub-centre,"Akhatwade, BAGLAN",Nashik,MAHARASHTRA,20.728437000625167,74.23260600020028,4851,182598
Dayane,SCE,Sub-centre,"Nampur, BAGLAN",Nashik,MAHARASHTRA,20.74580999977272,74.32857999921758,4870,182680
Sarde,SCE,Sub-centre,"Nampur, BAGLAN",Nashik,MAHARASHTRA,20.745819999960005,74.32859000016163,4871,182680
Ambasan,SCE,Sub-centre,"Nampur, BAGLAN",Nashik,MAHARASHTRA,20.74583000014663,74.32859999930906,4872,182680
Ghanegaon,SCE,Sub-centre,"Ghanegaon, MALEGAON",Nashik,MAHARASHTRA,20.757858000258423,74.64589900012459,4883,183182
Aaskheda,SCE,Sub-centre,"Bramhanpade, BAGLAN",Nashik,MAHARASHTRA,20.774689999997165,74.23089999976277,4892,182622
Antapur,SCE,Sub-centre,"Mulher, BAGLAN",Nashik,MAHARASHTRA,20.77519299967765,74.08288400020523,4893,182676
Jad,SCE,Sub-centre,"Gautamnagar (N.V.), BAGLAN",Nashik,MAHARASHTRA,20.80139100058729,73.96243300007534,4912,182624
Isapur,SCE,Sub-centre,"Isapur, CHANDGAD",Kolhapur,MAHARASHTRA,15.847281999154198,74.07113600000616,57289,178434
Turkewadi,SCE,Sub-centre,"Turkewadi, CHANDGAD",Kolhapur,MAHARASHTRA,15.87943500041586,74.33088599970475,57325,178504
Here,SCE,Sub-centre,"Gudawale Khalsa, CHANDGAD",Kolhapur,MAHARASHTRA,15.886754999466389,74.17977700001268,57335,178426
Jangamhatti,SCE,Sub-centre,"Ambewadi, CHANDGAD",Kolhapur,MAHARASHTRA,15.888701000475118,74.26341600009843,57336,178403
Tambulwadi,SCE,Sub-centre,"Tambulwadi, CHANDGAD",Kolhapur,MAHARASHTRA,15.927954999903534,74.29275400080905,57384,178500
Basarge,SCE,Sub-centre,"Basarge, CHANDGAD",Kolhapur,MAHARASHTRA,15.928645999638666,74.32612000054125,57387,178408
Dholgarwadi,SCE,Sub-centre,"Dholagarwadi, CHANDGAD",Kolhapur,MAHARASHTRA,15.934492000796642,74.34563099977888,57395,178418
Dukkarwadi,SCE,Sub-centre,"Dukkarwadi, CHANDGAD",Kolhapur,MAHARASHTRA,15.937384000155898,74.3044879998661,57400,178421
Kagani,SCE,Sub-centre,"Kagani, CHANDGAD",Kolhapur,MAHARASHTRA,15.966057000361012,74.40272899991082,57445,178441
Satawane,SCE,Sub-centre,"Satawane, CHANDGAD",Kolhapur,MAHARASHTRA,15.983052700438767,74.23770000032515,57469,178492
Malatwadi,SCE,Sub-centre,"Malatwadi, CHANDGAD",Kolhapur,MAHARASHTRA,15.98565100002219,74.33968499970935,57475,178471
Kudnur,SCE,Sub-centre,"Talguli, CHANDGAD",Kolhapur,MAHARASHTRA,15.998520000009743,74.43644199997266,57490,178420
Gavase,SCE,Sub-centre,"Gavase, CHANDGAD",Kolhapur,MAHARASHTRA,15.999830999839512,74.17609999972208,57492,178423
Hadalage,SCE,Sub-centre,"Sambare, GADHINGLAJ",Kolhapur,MAHARASHTRA,16.010000000196897,74.31999999949612,57503,178578
Buzawade,SCE,Sub-centre,"Bujavade, CHANDGAD",Kolhapur,MAHARASHTRA,16.0109038003585,74.15729999996384,57505,178411
Adkur,SCE,Sub-centre,"Latagaon, AJRA",Kolhapur,MAHARASHTRA,16.04912999970207,74.15556900031024,57553,178244
Batakanangale,SCE,Sub-centre,"Waghrali, GADHINGLAJ",Kolhapur,MAHARASHTRA,16.08999999992843,74.35000000018066,57618,178593
Wadakshiwale,SCE,Sub-centre,"Dardewadi, AJRA",Kolhapur,MAHARASHTRA,16.1138999996906,74.13821999982311,57657,178225
Nadawade,SCE,Sub-centre,"Ajra (CT), AJRA",Kolhapur,MAHARASHTRA,16.11575799997744,74.2113610000377,57665,178201
Rajgoli Khurd,SCE,Sub-centre,"Honewadi, AJRA",Kolhapur,MAHARASHTRA,16.11724999981108,74.25591200062763,57668,178228
Aralgundi,SCE,Sub-centre,"Dabheel, AJRA",Kolhapur,MAHARASHTRA,16.122555999604867,74.10535200003325,57677,178214
Ardal,SCE,Sub-centre,"Dewarde, AJRA",Kolhapur,MAHARASHTRA,16.124168999886287,74.15379900029862,57682,178216
Honyali,SCE,Sub-centre,"Dardewadi, AJRA",Kolhapur,MAHARASHTRA,16.125413000396062,74.13549100063499,57684,178225
Chimane,SCE,Sub-centre,"Deokandgaon, AJRA",Kolhapur,MAHARASHTRA,16.131720000072843,74.1224970003059,57689,178217
Salgaon,SCE,Sub-centre,"Salgaon, AJRA",Kolhapur,MAHARASHTRA,16.137911000623895,74.19078399969683,57698,178259
Mahagaon,SCE,Sub-centre,"Umbarwadi, GADHINGLAJ",Kolhapur,MAHARASHTRA,16.14000000001561,74.33000000032318,57703,178591
Hidaduggi,SCE,Sub-centre,"Hidadugi, GADHINGLAJ",Kolhapur,MAHARASHTRA,16.14000000001561,74.39999999982433,57704,178540
Wadarge,SCE,Sub-centre,"Sohale, AJRA",Kolhapur,MAHARASHTRA,16.145580999345206,74.19561899935559,57714,178265
Belewadi,SCE,Sub-centre,"Deokandgaon, AJRA",Kolhapur,MAHARASHTRA,16.152488999794848,74.1310009998594,57723,178217
Hasurchampu,SCE,Sub-centre,"Chandewadi, AJRA",Kolhapur,MAHARASHTRA,16.155000999536735,74.23495499944686,57727,178209
Pimpalgaon,SCE,Sub-centre,"Deokandgaon, AJRA",Kolhapur,MAHARASHTRA,16.155811000431665,74.12511099986631,57729,178217
Narewadi,SCE,Sub-centre,"Halkarni, GADHINGLAJ",Kolhapur,MAHARASHTRA,16.15999999970076,74.47000000022385,57736,178530
Terani,SCE,Sub-centre,"Halkarni, GADHINGLAJ",Kolhapur,MAHARASHTRA,16.15999999970076,74.47000000022385,57737,178530
Bahirewadi,SCE,Sub-centre,"Vazare, AJRA",Kolhapur,MAHARASHTRA,16.16466100007217,74.18429299982924,57746,178272
Madilage,SCE,Sub-centre,"Madilage, AJRA",Kolhapur,MAHARASHTRA,16.167918000081496,74.22893800013048,57750,178245
Ainapur,SCE,Sub-centre,"Saroli, AJRA",Kolhapur,MAHARASHTRA,16.169999999525167,74.29999999963863,57753,178261
Inchanal,SCE,Sub-centre,"Ainapur, GADHINGLAJ",Kolhapur,MAHARASHTRA,16.169999999525167,74.3099999995674,57754,178509
Basarge,SCE,Sub-centre,"Chandankud, GADHINGLAJ",Kolhapur,MAHARASHTRA,16.169999999525167,74.48000000015257,57755,178522
Khandal,SCE,Sub-centre,"Kumbalhal, GADHINGLAJ",Kolhapur,MAHARASHTRA,16.179999999725798,74.47000000022385,57766,178561
Hasur Khurd,SCE,Sub-centre,"Naganwadi, BHUDARGAD",Kolhapur,MAHARASHTRA,16.184617000074933,74.14109399967452,57781,178360
Atyal,SCE,Sub-centre,"Ainapur, GADHINGLAJ",Kolhapur,MAHARASHTRA,16.189999999946792,74.3099999995674,57788,178509
Jainyal,SCE,Sub-centre,"Begvade, BHUDARGAD",Kolhapur,MAHARASHTRA,16.215974000040397,74.18102099959457,57838,178315
Aurnal,SCE,Sub-centre,"Gijavane, GADHINGLAJ",Kolhapur,MAHARASHTRA,16.219999999760372,74.3400000002519,57845,178528
Hanimnal,SCE,Sub-centre,"Gijavane, GADHINGLAJ",Kolhapur,MAHARASHTRA,16.219999999760372,74.3400000002519,57846,178528
Arjunwada,SCE,Sub-centre,"Naganwadi, BHUDARGAD",Kolhapur,MAHARASHTRA,16.22255000080467,74.16579099999683,57849,178360
Haladi,SCE,Sub-centre,"Vengrul, BHUDARGAD",Kolhapur,MAHARASHTRA,16.223397000212262,74.14459500023808,57851,178397
Vengrul,SCE,Sub-centre,"Vengrul, BHUDARGAD",Kolhapur,MAHARASHTRA,16.22642500002713,74.10637800005524,57857,178397
Hebbal Kasaba Nool,SCE,Sub-centre,"Hebbal Kasaba Nool, GADHINGLAJ",Kolhapur,MAHARASHTRA,16.23000000081595,74.40999999975308,57865,178538
Nilaji,SCE,Sub-centre,"Mugali, GADHINGLAJ",Kolhapur,MAHARASHTRA,16.23000000081595,74.42000000058015,57866,178569
Dundage,SCE,Sub-centre,"Dundage, GADHINGLAJ",Kolhapur,MAHARASHTRA,16.24000000011172,74.38999999989561,57888,178527
Mutnal,SCE,Sub-centre,"Nilji, GADHINGLAJ",Kolhapur,MAHARASHTRA,16.24000000011172,74.43000000050887,57889,178577
Yamge,SCE,Sub-centre,"Bidri, BHUDARGAD",Kolhapur,MAHARASHTRA,16.245319999686167,74.1244830002276,57898,178319
Chitle,SCE,Sub-centre,"Bidri, BHUDARGAD",Kolhapur,MAHARASHTRA,16.246610000306948,74.12461100027411,57899,178319
Chikhali,SCE,Sub-centre,"Dindewadi, BHUDARGAD",Kolhapur,MAHARASHTRA,16.264002000011008,74.19142000062978,57941,178326
Sawrde Budruk,SCE,Sub-centre,"Madur, BHUDARGAD",Kolhapur,MAHARASHTRA,16.275372000150007,74.11583100053612,57959,178346
Kaenwaade,SCE,Sub-centre,"Pushpanagar, BHUDARGAD",Kolhapur,MAHARASHTRA,16.28410499963883,74.13503200015235,57976,178382
Hedawade,SCE,Sub-centre,"Hedvade, BHUDARGAD",Kolhapur,MAHARASHTRA,16.318638999272952,74.07994699970631,58026,178332
Karnur,SCE,Sub-centre,"Palshivane, BHUDARGAD",Kolhapur,MAHARASHTRA,16.324233999537803,74.18356999975596,58039,178373
Sulkud,SCE,Sub-centre,"Bolaviwadi, KAGAL",Kolhapur,MAHARASHTRA,16.325193000114897,74.22276699993004,58042,178677
Akondi,SCE,Sub-centre,"Mhasave., BHUDARGAD",Kolhapur,MAHARASHTRA,16.332817999571287,74.13469200039373,58063,178353
Vandur,SCE,Sub-centre,"Ambavane, BHUDARGAD",Kolhapur,MAHARASHTRA,16.33591999993494,74.17163999998202,58066,178307
Bamni,SCE,Sub-centre,"Mhasave., BHUDARGAD",Kolhapur,MAHARASHTRA,16.339999999848136,74.13999999988052,58078,178353
Mauje Sangaon,SCE,Sub-centre,"Thanewadi, KAGAL",Kolhapur,MAHARASHTRA,16.34413399989251,74.21323599963137,58087,178734
Darwad,SCE,Sub-centre,"Darwad, BHUDARGAD",Kolhapur,MAHARASHTRA,16.34537900000842,74.1314950005021,58089,178321
Vannur,SCE,Sub-centre,"Madilge Bk., BHUDARGAD",Kolhapur,MAHARASHTRA,16.353130000577547,74.16106799959275,58115,178344
Yalgud,SCE,Sub-centre,"Karanjivane, KAGAL",Kolhapur,MAHARASHTRA,16.36115299976599,74.2352610006669,58127,178694
Hupari B,SCE,Sub-centre,"Haldavade, KAGAL",Kolhapur,MAHARASHTRA,16.365274999703107,74.23518699925043,58136,178687
Talandage,SCE,Sub-centre,"Daulatwadi, KAGAL",Kolhapur,MAHARASHTRA,16.371844999841347,74.22174099990805,58157,178682
Rangoli,SCE,Sub-centre,"Arjunwada, KAGAL",Kolhapur,MAHARASHTRA,16.375521000709657,74.26946000007725,58171,178662
Kur,SCE,Sub-centre,"Koor, BHUDARGAD",Kolhapur,MAHARASHTRA,16.381632999573288,74.14675100003909,58184,178342
Washi,SCE,Sub-centre,"Tikkewadi, BHUDARGAD",Kolhapur,MAHARASHTRA,16.382812000167842,74.10190700044453,58187,178393
P Kodoli,SCE,Sub-centre,"Benikre, KAGAL",Kolhapur,MAHARASHTRA,16.38421699997287,74.2343800004099,58191,178673
Vetavade,SCE,Sub-centre,"Ategaon, RADHANAGARI",Kolhapur,MAHARASHTRA,16.385123999491665,74.050280000006,58193,178976
Sangawade,SCE,Sub-centre,"Shindewadi, KAGAL",Kolhapur,MAHARASHTRA,16.392297999329998,74.20231000013806,58209,178727
Chandur,SCE,Sub-centre,"Benikre, KAGAL",Kolhapur,MAHARASHTRA,16.395889000109566,74.25334599984947,58219,178673
Sonyachi Shiroli,SCE,Sub-centre,"Phejiwade, RADHANAGARI",Kolhapur,MAHARASHTRA,16.400010000122197,73.96522999993385,58229,179040
Sarnobatwadi,SCE,Sub-centre,"Admapur, BHUDARGAD",Kolhapur,MAHARASHTRA,16.40554500022965,74.16154400069212,58240,178305
Balinge,SCE,Sub-centre,"Sarvade, RADHANAGARI",Kolhapur,MAHARASHTRA,16.411150000480202,74.10176199978129,58253,179051
Nagadevwadi,SCE,Sub-centre,"Sarvade, RADHANAGARI",Kolhapur,MAHARASHTRA,16.413470000335057,74.10131999991539,58258,179051
Uchgaon,SCE,Sub-centre,"Admapur, BHUDARGAD",Kolhapur,MAHARASHTRA,16.41444500012594,74.16229700000429,58260,178305
Mangoan,SCE,Sub-centre,"Malage Bk., KAGAL",Kolhapur,MAHARASHTRA,16.422256000030444,74.22142700008871,58281,178708
Kabnoor,SCE,Sub-centre,"Sonage, KAGAL",Kolhapur,MAHARASHTRA,16.42742999998785,74.26269800004802,58293,178729
Hanamantwadi,SCE,Sub-centre,"Sarvade, RADHANAGARI",Kolhapur,MAHARASHTRA,16.430139999863506,74.10264899988606,58318,179051
Rukadi B,SCE,Sub-centre,"Malage Bk., KAGAL",Kolhapur,MAHARASHTRA,16.432214999760085,74.21415700007135,58325,178708
Jambhali,SCE,Sub-centre,"Chikhali Kasaba, KAGAL",Kolhapur,MAHARASHTRA,16.432854000358255,74.305113999855,58328,178679
Vadanage,SCE,Sub-centre,"Bamani, KAGAL",Kolhapur,MAHARASHTRA,16.434407999683494,74.1257639996194,58333,178666
Rukadi A,SCE,Sub-centre,"Chaundal, KAGAL",Kolhapur,MAHARASHTRA,16.43746999983226,74.21360999972516,58338,178681
Pulachi Shiroli,SCE,Sub-centre,"Sonali, KAGAL",Kolhapur,MAHARASHTRA,16.441798999653773,74.16491399993777,58351,178730
Padali Budruk,SCE,Sub-centre,"Turambe, RADHANAGARI",Kolhapur,MAHARASHTRA,16.442761000005035,74.10963000019844,58354,179064
Chokak,SCE,Sub-centre,"Savarde Bk., KAGAL",Kolhapur,MAHARASHTRA,16.443340999767386,74.2056300000533,58356,178724
Male,SCE,Sub-centre,"Savarde Bk., KAGAL",Kolhapur,MAHARASHTRA,16.451650000422546,74.20306600072162,58374,178724
Pohale tarf Borgaon,SCE,Sub-centre,"Tarale Kh., RADHANAGARI",Kolhapur,MAHARASHTRA,16.45183499998678,74.02326999952386,58376,179060
Nagoan,SCE,Sub-centre,"Sonali, KAGAL",Kolhapur,MAHARASHTRA,16.45337599938928,74.1751249997537,58380,178730
Herle,SCE,Sub-centre,"Savarde Bk., KAGAL",Kolhapur,MAHARASHTRA,16.45557000000207,74.19298999972655,58382,178724
Talashi,SCE,Sub-centre,"Turambe, RADHANAGARI",Kolhapur,MAHARASHTRA,16.459999999876207,74.11685900020791,58398,179064
Turumbe,SCE,Sub-centre,"Turambe, RADHANAGARI",Kolhapur,MAHARASHTRA,16.46111000024645,74.11342600031475,58406,179064
Alate,SCE,Sub-centre,"Banage, KAGAL",Kolhapur,MAHARASHTRA,16.461798999782406,74.24216999921262,58413,178667
Shiye,SCE,Sub-centre,"Valave Kh., KAGAL",Kolhapur,MAHARASHTRA,16.46376799944331,74.1522840005551,58417,178740
Chendre,SCE,Sub-centre,"Arjunwada, RADHANAGARI",Kolhapur,MAHARASHTRA,16.47822999986025,74.13471200048521,58468,178975
Narande,SCE,Sub-centre,"Vhanali, KAGAL",Kolhapur,MAHARASHTRA,16.491304999793847,74.23326800017418,58517,178738
Manpadale,SCE,Sub-centre,"Thikpurli, RADHANAGARI",Kolhapur,MAHARASHTRA,16.492241999945676,74.13530800033688,58523,179062
Kawathesar,SCE,Sub-centre,"Shindewadi, KAGAL",Kolhapur,MAHARASHTRA,16.502926000810923,74.28847999994352,58555,178727
Buwache Wathar,SCE,Sub-centre,"Shendur, KAGAL",Kolhapur,MAHARASHTRA,16.509249999593706,74.23704000000107,58568,178726
Kasaba Kandgaon,SCE,Sub-centre,"Thikpurli, RADHANAGARI",Kolhapur,MAHARASHTRA,16.51045000004683,74.121166999612,58585,179062
Salashi,SCE,Sub-centre,"Nigave Khalsa, KARVIR",Kolhapur,MAHARASHTRA,16.51147500002526,74.14378000010328,58589,178819
malakapur,SCE,Sub-centre,"Dhamod, RADHANAGARI",Kolhapur,MAHARASHTRA,16.51372600043906,74.01002,58595,178991
Talsande,SCE,Sub-centre,"Kavane, KARVIR",Kolhapur,MAHARASHTRA,16.514552999833864,74.15346900058572,58596,178791
Bhadole A,SCE,Sub-centre,"Bachani, KAGAL",Kolhapur,MAHARASHTRA,16.518419999971897,74.19508400050162,58610,178664
Amrutnagar,SCE,Sub-centre,"Parite, KARVIR",Kolhapur,MAHARASHTRA,16.523812000724607,74.11343600036051,58623,178825
Kolindre,SCE,Sub-centre,"Chuye, KARVIR",Kolhapur,MAHARASHTRA,16.52788999949394,74.18377800016842,58636,178760
Wadakshiwale,SCE,Sub-centre,"Chuye, KARVIR",Kolhapur,MAHARASHTRA,16.53000000002383,74.15999999973796,58646,178760
Haladi,SCE,Sub-centre,"Chuye, KARVIR",Kolhapur,MAHARASHTRA,16.53000000002383,74.16999999966673,58647,178760
Gogave,SCE,Sub-centre,"Mohade, RADHANAGARI",Kolhapur,MAHARASHTRA,16.539069999574913,74.05321999997966,58684,179027
Mhalunge,SCE,Sub-centre,"Mhalunge, KARVIR",Kolhapur,MAHARASHTRA,16.542631000714223,74.14895200004597,58702,178809
Kasabe Digraj,SCE,Sub-centre,"Pimpalgaon Kh., KAGAL",Kolhapur,MAHARASHTRA,16.543071000092485,74.30521600086054,58704,178719
Kavalapur 2,SCE,Sub-centre,"Sulkud, KAGAL",Kolhapur,MAHARASHTRA,16.5453030001107,74.36464099959939,58711,178731
Yevati,SCE,Sub-centre,"Yevati, KARVIR",Kolhapur,MAHARASHTRA,16.55000000002663,74.15999999973796,58730,178858
Tung,SCE,Sub-centre,"Pimpalgaon Kh., KAGAL",Kolhapur,MAHARASHTRA,16.554891000065673,74.28486799995021,58760,178719
Ani,SCE,Sub-centre,"Bele, KARVIR",Kolhapur,MAHARASHTRA,16.560029999385648,74.14364999950863,58783,178750
Kapashi,SCE,Sub-centre,"Kurukali, KARVIR",Kolhapur,MAHARASHTRA,16.569439999785057,74.11800000075593,58804,178805
Savarde,SCE,Sub-centre,"Kothali, KARVIR",Kolhapur,MAHARASHTRA,16.56995999987982,74.13255999998383,58811,178802
Padsali,SCE,Sub-centre,"Kothali, KARVIR",Kolhapur,MAHARASHTRA,16.569980000285902,74.1326299994057,58812,178802
Gudal,SCE,Sub-centre,"Kothali, KARVIR",Kolhapur,MAHARASHTRA,16.56999000005768,74.13258999922274,58813,178802
Panori,SCE,Sub-centre,"Kothali, KARVIR",Kolhapur,MAHARASHTRA,16.569999999828948,74.13260000016679,58814,178802
Awali Budruk,SCE,Sub-centre,"Kothali, KARVIR",Kolhapur,MAHARASHTRA,16.569999999828948,74.13260000016679,58815,178802
Pungaon,SCE,Sub-centre,"Kothali, KARVIR",Kolhapur,MAHARASHTRA,16.570010000460673,74.13260999931421,58823,178802
Kote,SCE,Sub-centre,"Kurukali, KARVIR",Kolhapur,MAHARASHTRA,16.571354000567382,74.1225399999636,58835,178805
Mangaon,SCE,Sub-centre,"Manjarwadi, KARVIR",Kolhapur,MAHARASHTRA,16.57182799991638,74.05452000053637,58838,178770
Hasur,SCE,Sub-centre,"Hasur, KARVIR",Kolhapur,MAHARASHTRA,16.572446299885456,74.10931409954395,58841,178777
Upalavi,SCE,Sub-centre,"Yalgud, KAGAL",Kolhapur,MAHARASHTRA,16.58543500047347,74.40567499973227,58888,178658
Nave Danwad,SCE,Sub-centre,"Danwad, SHIROL",Kolhapur,MAHARASHTRA,16.588817000214334,74.60344189969844,58895,179194
Karoli M,SCE,Sub-centre,"Yalgud, KAGAL",Kolhapur,MAHARASHTRA,16.595650000255294,74.41446799988907,58924,178658
Mendholi,SCE,Sub-centre,"Gadegoundwadi, KARVIR",Kolhapur,MAHARASHTRA,16.619859999939255,74.14231999971305,58965,178766
Kaneri,SCE,Sub-centre,"Kaneri, KARVIR",Kolhapur,MAHARASHTRA,16.61999999997614,74.26999999985242,58966,178789
Akkiwat,SCE,Sub-centre,"Akiwat, SHIROL",Kolhapur,MAHARASHTRA,16.640191400019074,74.61954000064401,59017,179174
Herwad,SCE,Sub-centre,"Herwad, SHIROL",Kolhapur,MAHARASHTRA,16.648993000567405,74.56535999984611,59033,179191
Welwatti,SCE,Sub-centre,"Bahireshwar., KARVIR",Kolhapur,MAHARASHTRA,16.657519999885537,74.1016100003436,59051,178747
Alas,SCE,Sub-centre,"Alas, SHIROL",Kolhapur,MAHARASHTRA,16.658718799637516,74.63711530022596,59054,179175
Bubnal,SCE,Sub-centre,"Alas, SHIROL",Kolhapur,MAHARASHTRA,16.673050599993644,74.61808000025376,59098,179175
Donawade,SCE,Sub-centre,"Kuditre, KARVIR",Kolhapur,MAHARASHTRA,16.680000000500105,74.15000000070758,59105,178803
Shirdhon,SCE,Sub-centre,"Shirdhon, SHIROL",Kolhapur,MAHARASHTRA,16.681833000587183,74.54486399969609,59114,179213
Shedshal,SCE,Sub-centre,"Shedshal, SHIROL",Kolhapur,MAHARASHTRA,16.69710390009958,74.67078200021975,59148,179210
Shinganapur,SCE,Sub-centre,"Shinganapur, KARVIR",Kolhapur,MAHARASHTRA,16.700000000069366,74.16999999966673,59157,178841
Hattiwade,SCE,Sub-centre,"Khupire, KARVIR",Kolhapur,MAHARASHTRA,16.711519999601347,74.1356060002627,59194,178797
Chikhali,SCE,Sub-centre,"Chikhali, KARVIR",Kolhapur,MAHARASHTRA,16.71999999942142,74.1900000004225,59237,178757
Parewadi,SCE,Sub-centre,"Satarde, PANHALA",Kolhapur,MAHARASHTRA,16.72066000020684,74.11287299922249,59239,178949
Jambhali,SCE,Sub-centre,"Jambhali, SHIROL",Kolhapur,MAHARASHTRA,16.72397200056835,74.51454400024272,59248,179193
Maligre,SCE,Sub-centre,"Shinganapur, KARVIR",Kolhapur,MAHARASHTRA,16.72836000032371,74.17664999954297,59262,178841
Yavaluj,SCE,Sub-centre,"Yevaluj, PANHALA",Kolhapur,MAHARASHTRA,16.73485199975935,74.13999999988052,59283,178968
Kasabathane,SCE,Sub-centre,"Yevaluj, PANHALA",Kolhapur,MAHARASHTRA,16.73485199975935,74.13999999988052,59284,178968
Kini,SCE,Sub-centre,"Hatkanangale, HATKANANGLE",Kolhapur,MAHARASHTRA,16.739999999981872,74.4399999995393,59301,178610
Rui,SCE,Sub-centre,"Hatkanangale, HATKANANGLE",Kolhapur,MAHARASHTRA,16.739999999981872,74.4399999995393,59302,178610
Chipari,SCE,Sub-centre,"Chipari, SHIROL",Kolhapur,MAHARASHTRA,16.764509799859496,74.51995999968456,59364,179181
Udgaon B.,SCE,Sub-centre,"Udagaon, SHIROL",Kolhapur,MAHARASHTRA,16.791481400389852,74.57260000062458,59424,179221
Salgaon,SCE,Sub-centre,"Apati, PANHALA",Kolhapur,MAHARASHTRA,16.823709999394,74.11266199933527,59526,178863
Kanoli,SCE,Sub-centre,"Kekhale, PANHALA",Kolhapur,MAHARASHTRA,16.828079999711232,74.17557199964247,59542,178892
Hingangaon,SCE,Sub-centre,"Hingangaon, HATKANANGLE",Kolhapur,MAHARASHTRA,16.841175000304123,74.46025300001509,59568,178612
Pernoli,SCE,Sub-centre,"Dewale, PANHALA",Kolhapur,MAHARASHTRA,16.853599999863587,74.10800999997463,59603,178878
Wadiratnagiri,SCE,Sub-centre,"Arale, PANHALA",Kolhapur,MAHARASHTRA,16.85777700033072,74.12350559996081,59612,178864
Male,SCE,Sub-centre,"Arale, PANHALA",Kolhapur,MAHARASHTRA,16.85777700033072,74.12350599971111,59613,178864
Mhasrang,SCE,Sub-centre,"Talsande, HATKANANGLE",Kolhapur,MAHARASHTRA,16.858390000124412,74.25207999962798,59614,178651
Kini,SCE,Sub-centre,"Kini, HATKANANGLE",Kolhapur,MAHARASHTRA,16.866383999839265,74.29862100033756,59636,178622
Nebapur,SCE,Sub-centre,"Satave, PANHALA",Kolhapur,MAHARASHTRA,16.881432000275186,74.12750199984397,59670,178893
Satave,SCE,Sub-centre,"Satave, PANHALA",Kolhapur,MAHARASHTRA,16.881432000275186,74.12750199984397,59671,178893
Borivade,SCE,Sub-centre,"Satave, PANHALA",Kolhapur,MAHARASHTRA,16.881432000275186,74.12750199984397,59672,178893
Marale,SCE,Sub-centre,"Yelane, SHAHUWADI",Kolhapur,MAHARASHTRA,16.910000000458094,73.94000000040742,59759,179169
Wadivarhe,SCE,Sub-centre,"Borli, IGATPURI",Nashik,MAHARASHTRA,19.635700000109164,73.57100999957925,64954,182994
Nandgaon Sado,SCE,Sub-centre,"Borli, IGATPURI",Nashik,MAHARASHTRA,19.635709999889173,73.57099000038609,64955,182994
Nandgaon BK,SCE,Sub-centre,"Borli, IGATPURI",Nashik,MAHARASHTRA,19.635709999889173,73.57099000038609,64956,182994
Waghere,SCE,Sub-centre,"Borli, IGATPURI",Nashik,MAHARASHTRA,19.635709999889173,73.57099000038609,64957,182994
Nandgaon,SCE,Sub-centre,"Borli, IGATPURI",Nashik,MAHARASHTRA,19.635709999889173,73.57099000038609,64958,182994
Takali,SCE,Sub-centre,"Borli, IGATPURI",Nashik,MAHARASHTRA,19.635720000514635,73.57099999953351,64959,182994
Baharvir Khu,SCE,Sub-centre,"Borli, IGATPURI",Nashik,MAHARASHTRA,19.635720000514635,73.57099999953351,64960,182994
Dhamangaon,SCE,Sub-centre,"Borli, IGATPURI",Nashik,MAHARASHTRA,19.635720000514635,73.57099999953351,64961,182994
Padali,SCE,Sub-centre,"Thangaon, SINNAR",Nashik,MAHARASHTRA,19.68265399952407,73.93892099978369,65034,183721
Ghoti Budruk,SCE,Sub-centre,"Senvad Bk, IGATPURI",Nashik,MAHARASHTRA,19.685840000209087,73.65828999997056,65041,183048
Kawnai,SCE,Sub-centre,"Senvad Bk, IGATPURI",Nashik,MAHARASHTRA,19.685849999400503,73.65828999997056,65042,183048
Kaluste,SCE,Sub-centre,"Senvad Bk, IGATPURI",Nashik,MAHARASHTRA,19.685849999400503,73.65830000001633,65043,183048
Kairgaon,SCE,Sub-centre,"Senvad Bk, IGATPURI",Nashik,MAHARASHTRA,19.6858699994731,73.6583200001078,65044,183048
Bortembhe,SCE,Sub-centre,"Bortembhe, IGATPURI",Nashik,MAHARASHTRA,19.693257999683194,73.59253799959903,65057,182995
TakeGhoti,SCE,Sub-centre,"Bortembhe, IGATPURI",Nashik,MAHARASHTRA,19.703119000651263,73.59769000034854,65067,182995
Balayduri,SCE,Sub-centre,"Balayduri, IGATPURI",Nashik,MAHARASHTRA,19.71746399953263,73.59290599984506,65089,237158
Ubhade,SCE,Sub-centre,"Ubhade, IGATPURI",Nashik,MAHARASHTRA,19.728017999692852,73.68673099963236,65109,183061
Khambale,SCE,Sub-centre,"Khambale, IGATPURI",Nashik,MAHARASHTRA,19.72896000019534,73.62712899954485,65111,183014
Kulwandi,SCE,Sub-centre,"Pardevi, IGATPURI",Nashik,MAHARASHTRA,19.737609999481325,73.54980000047512,65127,183060
Kochargaon 1,SCE,Sub-centre,"Pardevi, IGATPURI",Nashik,MAHARASHTRA,19.737620000509445,73.54980999962254,65128,183060
Kawaddara,SCE,Sub-centre,"Ghoti Kh, IGATPURI",Nashik,MAHARASHTRA,19.77111499993701,73.77147000025819,66643,183006
Nandurshingote,SCE,Sub-centre,"Dodi Bk., SINNAR",Nashik,MAHARASHTRA,19.778019999746597,74.10961000010694,66648,183649
Dodi Budruk,SCE,Sub-centre,"Dodi Bk., SINNAR",Nashik,MAHARASHTRA,19.778040000117034,74.10963000019844,66649,183649
Marhal Budruk,SCE,Sub-centre,"Dodi Bk., SINNAR",Nashik,MAHARASHTRA,19.778080000005033,74.1096700003814,66650,183649
Datali,SCE,Sub-centre,"Dhondvirnagar, SINNAR",Nashik,MAHARASHTRA,19.788969999353444,74.01533000003501,66655,183647
Patole,SCE,Sub-centre,"Dhondvirnagar, SINNAR",Nashik,MAHARASHTRA,19.788989999194307,74.01535000012649,66656,183647
Konambe,SCE,Sub-centre,"Dhondvirnagar, SINNAR",Nashik,MAHARASHTRA,19.788989999194307,74.01535000012649,66657,183647
Manegaon,SCE,Sub-centre,"Dhondvirnagar, SINNAR",Nashik,MAHARASHTRA,19.789000000381698,74.01536000017221,66658,183647
Sonambe,SCE,Sub-centre,"Dhondvirnagar, SINNAR",Nashik,MAHARASHTRA,19.789000000381698,74.01536000017221,66659,183647
Thangaon,SCE,Sub-centre,"Dhondvirnagar, SINNAR",Nashik,MAHARASHTRA,19.789009999877912,74.01537000021796,66660,183647
Somthane,SCE,Sub-centre,"Dhondvirnagar, SINNAR",Nashik,MAHARASHTRA,19.789009999877912,74.01537000021796,66661,183647
Thangaon,SCE,Sub-centre,"Dhondvirnagar, SINNAR",Nashik,MAHARASHTRA,19.789009999877912,74.01537000021796,66662,183647
Baragaon Pimpri,SCE,Sub-centre,"Dhondvirnagar, SINNAR",Nashik,MAHARASHTRA,19.789029999713772,74.01538999941114,66663,183647
Pimpagaon junnar,SCE,Sub-centre,"Shevgedang, IGATPURI",Nashik,MAHARASHTRA,19.815659999883493,73.55410299985633,66670,183050
Vaviharsha,SCE,Sub-centre,"Vaviharsha, TRIMBAKESHWAR",Nashik,MAHARASHTRA,19.81641500009263,73.48283700013364,66671,183865
Ahurli,SCE,Sub-centre,"Ahurli, IGATPURI",Nashik,MAHARASHTRA,19.818778999675793,73.58444099975132,66672,182982
Nandurvaidya,SCE,Sub-centre,"Nandurvaidya, IGATPURI",Nashik,MAHARASHTRA,19.819944000167116,73.73197199978526,66673,183034
Parunde,SCE,Sub-centre,"Vaviharsha, TRIMBAKESHWAR",Nashik,MAHARASHTRA,19.821900000301422,73.50293400007551,66674,183865
Vaishanvdham,SCE,Sub-centre,"Vaviharsha, TRIMBAKESHWAR",Nashik,MAHARASHTRA,19.826999999950544,73.48594500033678,66675,183865
Mirgaon,SCE,Sub-centre,"Mirgaon, SINNAR",Nashik,MAHARASHTRA,19.833392000353363,74.29422099997367,66678,183680
Wadgaon Pingala,SCE,Sub-centre,"Vadgaon Pingala, SINNAR",Nashik,MAHARASHTRA,19.875613000505165,73.88049799987904,66696,183726
Trimbak Rurul,SCE,Sub-centre,"Bhilmal, TRIMBAKESHWAR",Nashik,MAHARASHTRA,19.885509999902602,73.5336599994097,66702,183839
Dahegaon Manmad,SCE,Sub-centre,"Dahegaon, NASHIK",Nashik,MAHARASHTRA,19.889685999940298,73.64773400037316,66704,183371
Shinde,SCE,Sub-centre,"Shinde, NASHIK",Nashik,MAHARASHTRA,19.911939999714534,73.90217900005968,66714,183419
Deopur,SCE,Sub-centre,"Chandgiri, NASHIK",Nashik,MAHARASHTRA,19.962280000640742,73.86845999925173,66736,183369
Pimpalgaon N,SCE,Sub-centre,"Chandgiri, NASHIK",Nashik,MAHARASHTRA,19.964159999535656,73.87046000031548,66737,183369
Shinde,SCE,Sub-centre,"Chandgiri, NASHIK",Nashik,MAHARASHTRA,19.964199999771697,73.87050000049842,66738,183369
Brahmanwade,SCE,Sub-centre,"Chandgiri, NASHIK",Nashik,MAHARASHTRA,19.96422000030808,73.87052000058993,66739,183369
Belgaon Dhaga,SCE,Sub-centre,"Belgaon Dhaga, NASHIK",Nashik,MAHARASHTRA,19.967139999899768,73.70365099977407,66741,183368
Bramhangaon,SCE,Sub-centre,"Nimgaon Madh, YEVLA",Nashik,MAHARASHTRA,19.973429000102225,74.43522699980481,66745,183932
Mahirawani,SCE,Sub-centre,"Bramhanwade, TRIMBAKESHWAR",Nashik,MAHARASHTRA,19.998880000130036,73.53124000001807,66753,183799
Andarsul,SCE,Sub-centre,"Gondgaon, YEVLA",Nashik,MAHARASHTRA,20.00638000009712,74.62030000052721,66755,183903
Saygaon,SCE,Sub-centre,"Gondgaon, YEVLA",Nashik,MAHARASHTRA,20.00639000022091,74.62030999967463,66756,183903
Mukhed,SCE,Sub-centre,"Mukhed, YEVLA",Nashik,MAHARASHTRA,20.007492500051868,74.32282059989379,66757,183923
Pmpri Trimbak,SCE,Sub-centre,"Pmpri Trimbak, TRIMBAKESHWAR",Nashik,MAHARASHTRA,20.01157199963198,73.56235700006285,66759,183843
Bharam,SCE,Sub-centre,"Chichodi Bk., YEVLA",Nashik,MAHARASHTRA,20.0259799997068,74.42968999998915,66762,183890
Dhulgaon,SCE,Sub-centre,"Chichodi Bk., YEVLA",Nashik,MAHARASHTRA,20.025990000272444,74.42970000003491,66763,183890
Chichondi,SCE,Sub-centre,"Chichodi Bk., YEVLA",Nashik,MAHARASHTRA,20.026010000557868,74.42972000012638,66764,183890
Somthandesh,SCE,Sub-centre,"Chichodi Bk., YEVLA",Nashik,MAHARASHTRA,20.026029999996734,74.42974000021789,66765,183890
Chandsi,SCE,Sub-centre,"Chandshi, NASHIK",Nashik,MAHARASHTRA,20.02934000035589,73.75072799916255,66767,183370
Chitegaon,SCE,Sub-centre,"Chitegaon, NIPHAD",Nashik,MAHARASHTRA,20.031962999364946,73.95728999954669,66768,183443
Wakad,SCE,Sub-centre,"Deogaon, NIPHAD",Nashik,MAHARASHTRA,20.03344000012758,74.27468999974623,66769,183453
Vinchur 2,SCE,Sub-centre,"Deogaon, NIPHAD",Nashik,MAHARASHTRA,20.033460000308924,74.27470999983774,66770,183453
Jalalpur,SCE,Sub-centre,"Jalalpur, NASHIK",Nashik,MAHARASHTRA,20.036226000527567,73.72020300056809,66771,183388
Naitale,SCE,Sub-centre,"Kurudgaon, NIPHAD",Nashik,MAHARASHTRA,20.036560000169178,74.09951000061908,66772,183479
Nandur m,SCE,Sub-centre,"Kurudgaon, NIPHAD",Nashik,MAHARASHTRA,20.036560000169178,74.09951000061908,66773,183479
Gajarwadi,SCE,Sub-centre,"Kurudgaon, NIPHAD",Nashik,MAHARASHTRA,20.036609999624865,74.09955999994949,66774,183479
Kundewadi,SCE,Sub-centre,"Kurudgaon, NIPHAD",Nashik,MAHARASHTRA,20.036620000358024,74.09956999999525,66775,183479
Kundewadi (Gitakunj),SCE,Sub-centre,"Kurudgaon, NIPHAD",Nashik,MAHARASHTRA,20.036620000358024,74.09956999999525,66776,183479
Dharangaon,SCE,Sub-centre,"Dharangaon Veer, NIPHAD",Nashik,MAHARASHTRA,20.038676000016302,74.20226099973425,66778,183449
Karanjgaon,SCE,Sub-centre,"Gondegaon, NIPHAD",Nashik,MAHARASHTRA,20.042869999855693,74.03222000003947,66780,183455
Mhalsakore,SCE,Sub-centre,"Gondegaon, NIPHAD",Nashik,MAHARASHTRA,20.042880000190312,74.03223000008524,66781,183455
Gavatha,SCE,Sub-centre,"Gavatha, TRIMBAKESHWAR",Nashik,MAHARASHTRA,20.06510199981424,73.3973940005994,66788,183810
Kasbe Sukhene 2,SCE,Sub-centre,"Kasabe Sukene, NIPHAD",Nashik,MAHARASHTRA,20.073970000088618,74.03056899985353,66793,183465
Chourapada,SCE,Sub-centre,"Shirasgaon, TRIMBAKESHWAR",Nashik,MAHARASHTRA,20.090090000290267,73.40226000022034,66796,183851
deodongari,SCE,Sub-centre,"Shirasgaon, TRIMBAKESHWAR",Nashik,MAHARASHTRA,20.09011000000057,73.40228000031182,66799,183851
Sapgaon,SCE,Sub-centre,"Sapgaon, NASHIK",Nashik,MAHARASHTRA,20.092803000187423,73.62712899954485,66801,183392
Chinchwad,SCE,Sub-centre,"Chinchwad, TRIMBAKESHWAR",Nashik,MAHARASHTRA,20.09554099952939,73.47399999959592,66804,183801
Janori1,SCE,Sub-centre,"Janori, DINDORI",Nashik,MAHARASHTRA,20.096390000404078,73.88399000022173,66806,182898
Janori2,SCE,Sub-centre,"Janori, DINDORI",Nashik,MAHARASHTRA,20.096390000404078,73.88399000022173,66807,182898
Mohadi1,SCE,Sub-centre,"Janori, DINDORI",Nashik,MAHARASHTRA,20.09639999985733,73.88400000026749,66808,182898
Mohadi2,SCE,Sub-centre,"Janori, DINDORI",Nashik,MAHARASHTRA,20.09639999985733,73.88400000026749,66809,182898
Kokangaon,SCE,Sub-centre,"Janori, DINDORI",Nashik,MAHARASHTRA,20.096419999605548,73.88402000035897,66810,182898
Kokangaon,SCE,Sub-centre,"Janori, DINDORI",Nashik,MAHARASHTRA,20.096419999605548,73.88402000035897,66811,182898
Subhashnager,SCE,Sub-centre,"Subhash Nagar, NIPHAD",Nashik,MAHARASHTRA,20.102694999257814,74.19555399995659,66813,183531
savargaon,SCE,Sub-centre,"Savargaon, YEVLA",Nashik,MAHARASHTRA,20.10297099998322,74.45842399955391,66814,183948
Savargaon,SCE,Sub-centre,"Savargaon, YEVLA",Nashik,MAHARASHTRA,20.10297099998322,74.45842399955391,66815,183948
Saraste,SCE,Sub-centre,"Saraste, TRIMBAKESHWAR",Nashik,MAHARASHTRA,20.116245999837727,73.50934700012529,66819,183850
Kusur,SCE,Sub-centre,"Mamdapur, YEVLA",Nashik,MAHARASHTRA,20.137289999978364,74.59750999958557,66827,183920
ugaon,SCE,Sub-centre,"Bramhangaon Vanas, NIPHAD",Nashik,MAHARASHTRA,20.156140000332606,74.13323999950109,66831,183438
Vansgaon,SCE,Sub-centre,"Bramhangaon Vanas, NIPHAD",Nashik,MAHARASHTRA,20.156180000568227,74.13327999968404,66832,183438
Nalegaon,SCE,Sub-centre,"Nalegaon, DINDORI",Nashik,MAHARASHTRA,20.17255800042821,73.70659400012082,66841,182934
Lasalgaon 2,SCE,Sub-centre,"Vaki Kh, CHANDVAD",Nashik,MAHARASHTRA,20.175069999643817,74.27477000011217,66844,182812
Pachore b,SCE,Sub-centre,"Vaki Kh, CHANDVAD",Nashik,MAHARASHTRA,20.175079999965995,74.27478000015793,66845,182812
Kalkhode,SCE,Sub-centre,"Vaki Bk, CHANDVAD",Nashik,MAHARASHTRA,20.18082199978139,74.29422099997367,66849,182811
Mankapur,SCE,Sub-centre,"Dongarshet, PEINT",Nashik,MAHARASHTRA,20.18498299996046,73.50345700013224,66851,183599
Sonisangvi,SCE,Sub-centre,"Soni Sangvi, CHANDVAD",Nashik,MAHARASHTRA,20.222390000203262,74.27368499964065,66865,182799
Zodga,SCE,Sub-centre,"Rapali, CHANDVAD",Nashik,MAHARASHTRA,20.236900000463006,74.39738999956357,66871,182814
Dongrale,SCE,Sub-centre,"Rapali, CHANDVAD",Nashik,MAHARASHTRA,20.236900000463006,74.39740999965505,66872,182814
Urdhul,SCE,Sub-centre,"Urdhul, CHANDVAD",Nashik,MAHARASHTRA,20.241731999788435,74.20032299949312,66875,182804
Raipur,SCE,Sub-centre,"Raypur, CHANDVAD",Nashik,MAHARASHTRA,20.243022999924285,74.34115199977228,66876,182788
Titave,SCE,Sub-centre,"Kadawa Mhalungi, DINDORI",Nashik,MAHARASHTRA,20.24429000007496,73.8165900000373,66877,182904
Nigdol,SCE,Sub-centre,"Kadawa Mhalungi, DINDORI",Nashik,MAHARASHTRA,20.244300000164746,73.81660000008301,66878,182904
Awankhed,SCE,Sub-centre,"Kadawa Mhalungi, DINDORI",Nashik,MAHARASHTRA,20.244300000164746,73.81660000008301,66879,182904
Karanjwan,SCE,Sub-centre,"Kadawa Mhalungi, DINDORI",Nashik,MAHARASHTRA,20.24431999949963,73.81662000017452,66880,182904
Ambewani,SCE,Sub-centre,"Ambevani, DINDORI",Nashik,MAHARASHTRA,20.24633300041887,73.89519699992243,66882,182863
Wagdardi,SCE,Sub-centre,"Rapali, CHANDVAD",Nashik,MAHARASHTRA,20.24728599987263,74.38807000005039,66883,182814
Vadner Bhairav,SCE,Sub-centre,"Vadner Bhairao, CHANDVAD",Nashik,MAHARASHTRA,20.25116299972686,74.0297219999317,66884,182810
Peint 1,SCE,Sub-centre,"Peint, PEINT",Nashik,MAHARASHTRA,20.258482000429645,73.50917700024598,66887,183605
Bahaduri,SCE,Sub-centre,"Tisgaon, DINDORI",Nashik,MAHARASHTRA,20.26320000024044,73.95469999937738,66889,182964
Varkhede,SCE,Sub-centre,"Tisgaon, DINDORI",Nashik,MAHARASHTRA,20.26321999966933,73.95471999946889,66890,182964
Ozarkhed,SCE,Sub-centre,"Parmori, DINDORI",Nashik,MAHARASHTRA,20.276146000074096,73.87388299926458,66895,182946
Tirde,SCE,Sub-centre,"Khirkidepada, PEINT",Nashik,MAHARASHTRA,20.28135899986927,73.5446890006318,66896,183593
Shirwade vani,SCE,Sub-centre,"Vadner Bhairao, CHANDVAD",Nashik,MAHARASHTRA,20.282120000490004,74.03222000003947,66897,182810
Bangaon Budruk,SCE,Sub-centre,"Mandwad, NANDGAON",Nashik,MAHARASHTRA,20.28524999933289,74.5880000001016,66900,183330
Bolthan,SCE,Sub-centre,"Mandwad, NANDGAON",Nashik,MAHARASHTRA,20.28524999933289,74.5880000001016,66901,183330
Mandwad,SCE,Sub-centre,"Mandwad, NANDGAON",Nashik,MAHARASHTRA,20.28524999933289,74.5880000001016,66902,183330
Sakore,SCE,Sub-centre,"Mandwad, NANDGAON",Nashik,MAHARASHTRA,20.28524999933289,74.5880000001016,66903,183330
Hiswal,SCE,Sub-centre,"Mandwad, NANDGAON",Nashik,MAHARASHTRA,20.285260000153947,74.58800999924902,66904,183330
Wadali budruk,SCE,Sub-centre,"Mandwad, NANDGAON",Nashik,MAHARASHTRA,20.28528000010899,74.58802999934053,66905,183330
Dhodamba,SCE,Sub-centre,"Vadalibhoi, CHANDVAD",Nashik,MAHARASHTRA,20.294700000433235,74.12314999916066,66909,182807
Talegaon Rohi,SCE,Sub-centre,"Dahegaon Manmad, CHANDVAD",Nashik,MAHARASHTRA,20.297760000415998,74.4397599993398,66910,182739
Dugaon,SCE,Sub-centre,"Dahegaon Manmad, CHANDVAD",Nashik,MAHARASHTRA,20.297789999612746,74.43979000037533,66911,182739
Dugaon,SCE,Sub-centre,"Dahegaon Manmad, CHANDVAD",Nashik,MAHARASHTRA,20.297789999612746,74.43979000037533,66912,182739
Daregaon,SCE,Sub-centre,"Dahegaon Manmad, CHANDVAD",Nashik,MAHARASHTRA,20.29780000046711,74.43979999952276,66913,182739
Khadgaon,SCE,Sub-centre,"Dahegaon Manmad, CHANDVAD",Nashik,MAHARASHTRA,20.29780999963574,74.43981000046682,66914,182739
Wanjarwadi,SCE,Sub-centre,"Dahegaon Manmad, CHANDVAD",Nashik,MAHARASHTRA,20.2978400005079,74.43983999970575,66915,182739
Kohor,SCE,Sub-centre,"Jamale, PEINT",Nashik,MAHARASHTRA,20.30023000020669,73.49053999979604,66916,183556
Nirgude,SCE,Sub-centre,"Jamale, PEINT",Nashik,MAHARASHTRA,20.300240000060956,73.49054999984179,66917,183556
Dhondmal,SCE,Sub-centre,"Jamale, PEINT",Nashik,MAHARASHTRA,20.300240000060956,73.49054999984179,66918,183556
Surgana,SCE,Sub-centre,"Jamale, PEINT",Nashik,MAHARASHTRA,20.3002499999146,73.49055999988755,66919,183556
Hatrundi,SCE,Sub-centre,"Jamale, PEINT",Nashik,MAHARASHTRA,20.3002499999146,73.49055999988755,66920,183556
Devergaon,SCE,Sub-centre,"Chandvad, CHANDVAD",Nashik,MAHARASHTRA,20.318860000365564,74.25790999934661,66927,182736
Pate,SCE,Sub-centre,"Chandvad, CHANDVAD",Nashik,MAHARASHTRA,20.31982999960342,74.25788000010766,66930,182736
Talwade,SCE,Sub-centre,"Chandvad, CHANDVAD",Nashik,MAHARASHTRA,20.31986000042084,74.25790999934661,66931,182736
Talwade,SCE,Sub-centre,"Chandvad, CHANDVAD",Nashik,MAHARASHTRA,20.31986000042084,74.25790999934661,66932,182736
Hiverkhede,SCE,Sub-centre,"Chandvad, CHANDVAD",Nashik,MAHARASHTRA,20.319869999849626,74.25792000029065,66933,182736
Kazisangvi,SCE,Sub-centre,"Chandvad, CHANDVAD",Nashik,MAHARASHTRA,20.319869999849626,74.25792999943808,66934,182736
Chandwad,SCE,Sub-centre,"Chandvad, CHANDVAD",Nashik,MAHARASHTRA,20.32916699951191,74.24444399991273,66944,182736
Pimpri Anchala,SCE,Sub-centre,"Charose, DINDORI",Nashik,MAHARASHTRA,20.335560000558562,73.67510999965488,66947,182874
Shivare,SCE,Sub-centre,"Charose, DINDORI",Nashik,MAHARASHTRA,20.335600000105988,73.67514999983787,66948,182874
Dahivi,SCE,Sub-centre,"Haste Dumala, DINDORI",Nashik,MAHARASHTRA,20.339459000158904,73.7863950002574,66949,182893
Jaitapur,SCE,Sub-centre,"Hatti, CHANDVAD",Nashik,MAHARASHTRA,20.352781999918452,74.0241370004355,66952,182755
Rahud,SCE,Sub-centre,"Rahod, CHANDVAD",Nashik,MAHARASHTRA,20.353422000121853,74.29312100033184,66953,182787
Jategaon,SCE,Sub-centre,"Birole, NANDGAON",Nashik,MAHARASHTRA,20.364819999487057,74.81367000021554,66957,183288
Naydongri,SCE,Sub-centre,"Birole, NANDGAON",Nashik,MAHARASHTRA,20.364819999487057,74.81367000021554,66958,183288
Ambhatha,SCE,Sub-centre,"Ambad, DINDORI",Nashik,MAHARASHTRA,20.364941000286937,73.65178099966134,66959,182859
Jopul,SCE,Sub-centre,"Koshimbe, DINDORI",Nashik,MAHARASHTRA,20.370189999766783,73.76943999995555,66961,182919
Lonwadi,SCE,Sub-centre,"Koshimbe, DINDORI",Nashik,MAHARASHTRA,20.370200000149723,73.76945000000131,66962,182919
Palkhed,SCE,Sub-centre,"Koshimbe, DINDORI",Nashik,MAHARASHTRA,20.370210000532012,73.76946000004703,66963,182919
Dhondgavhan,SCE,Sub-centre,"Koshimbe, DINDORI",Nashik,MAHARASHTRA,20.370220000071484,73.76946999919446,66964,182919
Materewadi,SCE,Sub-centre,"Koshimbe, DINDORI",Nashik,MAHARASHTRA,20.370230000452477,73.76948000013854,66965,182919
Devali Vani,SCE,Sub-centre,"Saptashrungagad, KALWAN",Nashik,MAHARASHTRA,20.389334999744648,73.91094500045232,66978,183135
Khokarvihir,SCE,Sub-centre,"Khokarvihir, SURGANA",Nashik,MAHARASHTRA,20.39267800041348,73.47105400067281,66979,183732
Talwade,SCE,Sub-centre,"Talwade, NANDGAON",Nashik,MAHARASHTRA,20.39591400003494,74.7512629998736,66980,183359
Nane,SCE,Sub-centre,"Jalgaon (Nimbait), MALEGAON",Nashik,MAHARASHTRA,20.400000000161803,74.50000000001006,66982,183189
Kankapur,SCE,Sub-centre,"Kanchane, DEOLA",Nashik,MAHARASHTRA,20.403590999925733,74.10344099955633,66985,182824
Jeur,SCE,Sub-centre,"Jatpade, MALEGAON",Nashik,MAHARASHTRA,20.406547000175085,74.61076300038076,66986,183191
Chausale,SCE,Sub-centre,"Chausale, DINDORI",Nashik,MAHARASHTRA,20.410557999829326,73.7852920002425,66988,182873
Saundane,SCE,Sub-centre,"Shirsondi, MALEGAON",Nashik,MAHARASHTRA,20.417420000198803,74.41957000040982,66992,183254
Savkarwadi,SCE,Sub-centre,"Shirsondi, MALEGAON",Nashik,MAHARASHTRA,20.41742999920124,74.41957999955724,66993,183254
Girnare,SCE,Sub-centre,"Mahatma Fule Nagar, DEOLA",Nashik,MAHARASHTRA,20.4174499997298,74.3184999998212,66994,182834
Girnare,SCE,Sub-centre,"Mahatma Fule Nagar, DEOLA",Nashik,MAHARASHTRA,20.4174499997298,74.3184999998212,66995,182834
Vinchur,SCE,Sub-centre,"Ghodegaon, MALEGAON",Nashik,MAHARASHTRA,20.419999999951404,74.50999999993878,66996,183183
Deosane,SCE,Sub-centre,"Wagdeopada, DINDORI",Nashik,MAHARASHTRA,20.42616699996599,73.71394999945358,67003,182881
Bhaur,SCE,Sub-centre,"Bhilwad, DEOLA",Nashik,MAHARASHTRA,20.429979999676256,74.20398000059059,67005,182855
Dahiwad,SCE,Sub-centre,"Bhilwad, DEOLA",Nashik,MAHARASHTRA,20.43000000025722,74.20400000068207,67006,182855
Vakhari,SCE,Sub-centre,"Bhilwad, DEOLA",Nashik,MAHARASHTRA,20.430009999283996,74.2040099998295,67007,182855
Rameshwar,SCE,Sub-centre,"Bhilwad, DEOLA",Nashik,MAHARASHTRA,20.43001999999377,74.20401999987526,67008,182855
Khuntewadi,SCE,Sub-centre,"Bhilwad, DEOLA",Nashik,MAHARASHTRA,20.430029999861066,74.20402999992096,67009,182855
Jmubhalpada,SCE,Sub-centre,"Mahismal, SURGANA",Nashik,MAHARASHTRA,20.434990000377606,73.58002500039223,67012,183779
Mohandari,SCE,Sub-centre,"Daregaonwani, KALWAN",Nashik,MAHARASHTRA,20.436587999925266,73.89593200058957,67014,183116
Kuruswade,SCE,Sub-centre,"Kharde (Wakhari), DEOLA",Nashik,MAHARASHTRA,20.44000000031826,74.12000000002304,67015,182829
Pangan,SCE,Sub-centre,"Niwane, KALWAN",Nashik,MAHARASHTRA,20.4499999997454,74.10000000016554,67024,183124
Manur,SCE,Sub-centre,"Pale Bk., KALWAN",Nashik,MAHARASHTRA,20.475855000827664,74.0094469997146,67039,183128
Rahimpada,SCE,Sub-centre,"Sule, SURGANA",Nashik,MAHARASHTRA,20.47999999958916,73.52999999973584,67043,183736
Nimgaon,SCE,Sub-centre,"Malagaon, MALEGAON",Nashik,MAHARASHTRA,20.48669999937641,74.61495000030929,67047,183213
Yesgaon,SCE,Sub-centre,"Malagaon, MALEGAON",Nashik,MAHARASHTRA,20.486709999761473,74.61496000035505,67048,183213
Nimbaiti,SCE,Sub-centre,"Malagaon, MALEGAON",Nashik,MAHARASHTRA,20.486719999304356,74.61497000040077,67049,183213
Bhendi,SCE,Sub-centre,"Bagadu, DEOLA",Nashik,MAHARASHTRA,20.488822000162394,74.07444000002788,67050,183071
Chopale,SCE,Sub-centre,"Kukudmunda, SURGANA",Nashik,MAHARASHTRA,20.499999999837357,73.57000000034911,67059,183763
Vitai,SCE,Sub-centre,"Vasol, DEOLA",Nashik,MAHARASHTRA,20.499999999837357,74.2599999999237,67060,182851
Ganore,SCE,Sub-centre,"Navi Bej, KALWAN",Nashik,MAHARASHTRA,20.50553999941051,74.04564000034091,67063,183123
Narul,SCE,Sub-centre,"Navi Bej, KALWAN",Nashik,MAHARASHTRA,20.50553999941051,74.04564000034091,67064,183123
Kalwan1,SCE,Sub-centre,"Navi Bej, KALWAN",Nashik,MAHARASHTRA,20.505550000249237,74.04564000034091,67065,183123
Kalwan2,SCE,Sub-centre,"Navi Bej, KALWAN",Nashik,MAHARASHTRA,20.505550000249237,74.04564000034091,67066,183123
Nanduri,SCE,Sub-centre,"Navi Bej, KALWAN",Nashik,MAHARASHTRA,20.505550000249237,74.04565000038666,67067,183123
Athamba,SCE,Sub-centre,"Navi Bej, KALWAN",Nashik,MAHARASHTRA,20.505550000249237,74.04565000038666,67068,183123
Desrane,SCE,Sub-centre,"Navi Bej, KALWAN",Nashik,MAHARASHTRA,20.505550000249237,74.04565000038666,67069,183123
Nandurdi,SCE,Sub-centre,"Navi Bej, KALWAN",Nashik,MAHARASHTRA,20.505550000249237,74.04565000038666,67070,183123
Pale Budruk,SCE,Sub-centre,"Navi Bej, KALWAN",Nashik,MAHARASHTRA,20.50555999940452,74.04566000043242,67071,183123
Pale Khurd,SCE,Sub-centre,"Navi Bej, KALWAN",Nashik,MAHARASHTRA,20.50555999940452,74.04566000043242,67072,183123
Shirasmani,SCE,Sub-centre,"Navi Bej, KALWAN",Nashik,MAHARASHTRA,20.5055799993959,74.04567999962556,67073,183123
Amkhel,SCE,Sub-centre,"Vithewadi, DEOLA",Nashik,MAHARASHTRA,20.50999999990799,74.16999999966673,67077,182853
Behed,SCE,Sub-centre,"Lohoner, DEOLA",Nashik,MAHARASHTRA,20.50999999990799,74.1900000004225,67078,182832
Pinjarzadi,SCE,Sub-centre,"Deopurpada, DEOLA",Nashik,MAHARASHTRA,20.50999999990799,74.29999999963863,67079,182833
Borkund,SCE,Sub-centre,"Tehare, MALEGAON",Nashik,MAHARASHTRA,20.50999999990799,74.49000000008131,67080,183260
Devajipada,SCE,Sub-centre,"Pilakos, DEOLA",Nashik,MAHARASHTRA,20.51999999998422,74.12000000002304,67087,183131
Chaugaon,SCE,Sub-centre,"Nimbole, DEOLA",Nashik,MAHARASHTRA,20.51999999998422,74.3400000002519,67088,182838
Ozar 1,SCE,Sub-centre,"Dhekale, KALWAN",Nashik,MAHARASHTRA,20.5212799996741,73.93113000025772,67089,183091
Ozar 2,SCE,Sub-centre,"Dhekale, KALWAN",Nashik,MAHARASHTRA,20.5212799996741,73.93113000025772,67090,183091
Abhona 1,SCE,Sub-centre,"Dhekale, KALWAN",Nashik,MAHARASHTRA,20.521290000326232,73.93113999940515,67091,183091
Jaidar,SCE,Sub-centre,"Dhekale, KALWAN",Nashik,MAHARASHTRA,20.521300000136417,73.93115000034919,67092,183091
Desgaon,SCE,Sub-centre,"Dhekale, KALWAN",Nashik,MAHARASHTRA,20.521300000136417,73.93115000034919,67093,183091
Kundane,SCE,Sub-centre,"Dhekale, KALWAN",Nashik,MAHARASHTRA,20.521300000136417,73.93115000034919,67094,183091
Chankapur,SCE,Sub-centre,"Dhekale, KALWAN",Nashik,MAHARASHTRA,20.521309999945952,73.93115999949661,67095,183091
Khakurdi,SCE,Sub-centre,"Sitane, MALEGAON",Nashik,MAHARASHTRA,20.52445999997692,74.66229999950924,67097,183255
Kanashi 1,SCE,Sub-centre,"Kanashi, KALWAN",Nashik,MAHARASHTRA,20.529538999966455,73.90364899959737,67103,183100
Udane,SCE,Sub-centre,"Chinchavad, MALEGAON",Nashik,MAHARASHTRA,20.529999999676164,74.37999999996687,67104,183161
Mungase,SCE,Sub-centre,"Patane, MALEGAON",Nashik,MAHARASHTRA,20.537000000015688,74.45660000001389,67108,183236
Aghar Budruk,SCE,Sub-centre,"Patane, MALEGAON",Nashik,MAHARASHTRA,20.537000000015688,74.45660000001389,67109,183236
Dabhadi 2,SCE,Sub-centre,"Patane, MALEGAON",Nashik,MAHARASHTRA,20.537000000015688,74.45660000001389,67110,183236
Mahsadi,SCE,Sub-centre,"Arai, BAGLAN",Nashik,MAHARASHTRA,20.53999999943509,74.24999999999494,67112,182604
Deour,SCE,Sub-centre,"Bramhangaon, BAGLAN",Nashik,MAHARASHTRA,20.53999999943509,74.26999999985242,67113,182621
Kusumba,SCE,Sub-centre,"Lakhamapur, BAGLAN",Nashik,MAHARASHTRA,20.53999999943509,74.35000000018066,67114,182665
Ner 2,SCE,Sub-centre,"Dabhadi, MALEGAON",Nashik,MAHARASHTRA,20.53999999943509,74.44999999946803,67115,183164
Thengoda,SCE,Sub-centre,"Thengode, BAGLAN",Nashik,MAHARASHTRA,20.540226000493593,74.21404999994121,67116,182710
Khokari,SCE,Sub-centre,"Khokari, SURGANA",Nashik,MAHARASHTRA,20.545472000030077,73.59069799926719,67117,183759
Lakhmapur,SCE,Sub-centre,"Lakhamapur, BAGLAN",Nashik,MAHARASHTRA,20.54860700008746,74.35581499983066,67120,182665
Bramhangaon,SCE,Sub-centre,"Dhandri, BAGLAN",Nashik,MAHARASHTRA,20.549620000373338,74.32527000024638,67121,182635
Pimpalgaon,SCE,Sub-centre,"Dabhadi, MALEGAON",Nashik,MAHARASHTRA,20.549920000239744,74.45885000042456,67122,183164
Kheda,SCE,Sub-centre,"Dhavali Vihir, MALEGAON",Nashik,MAHARASHTRA,20.550000000553297,74.37999999996687,67123,183174
Dhamnar,SCE,Sub-centre,"Arai, BAGLAN",Nashik,MAHARASHTRA,20.56000000011701,74.2400000000662,67129,182604
Kathipada,SCE,Sub-centre,"Kothule, SURGANA",Nashik,MAHARASHTRA,20.563919000275046,73.53879900063875,67130,183761
Bapkheda,SCE,Sub-centre,"Jirwade (Hatgad), KALWAN",Nashik,MAHARASHTRA,20.56990300033583,73.7996310004358,67136,183070
Hatgad,SCE,Sub-centre,"Walutzira, SURGANA",Nashik,MAHARASHTRA,20.573200000191214,73.58849999963338,67137,183737
Pangarne 2,SCE,Sub-centre,"Walutzira, SURGANA",Nashik,MAHARASHTRA,20.5732199997486,73.58851999972485,67138,183737
Umbarthan,SCE,Sub-centre,"Walutzira, SURGANA",Nashik,MAHARASHTRA,20.573240000144377,73.58853999981635,67139,183737
Umbarpada,SCE,Sub-centre,"Walutzira, SURGANA",Nashik,MAHARASHTRA,20.573240000144377,73.58853999981635,67140,183737
Samoda,SCE,Sub-centre,"More Nagar, BAGLAN",Nashik,MAHARASHTRA,20.57999999974916,74.20000000035124,67145,182673
Samoda 2,SCE,Sub-centre,"More Nagar, BAGLAN",Nashik,MAHARASHTRA,20.57999999974916,74.20000000035124,67146,182673
Sakri 1,SCE,Sub-centre,"More Nagar, BAGLAN",Nashik,MAHARASHTRA,20.57999999974916,74.20000000035124,67147,182673
Bahal -  1,SCE,Sub-centre,"Dare Bhanagi, KALWAN",Nashik,MAHARASHTRA,20.585767000229772,74.04743600029182,67151,183082
Bahal -  2,SCE,Sub-centre,"Dare Bhanagi, KALWAN",Nashik,MAHARASHTRA,20.585767000229772,74.04743600029182,67152,183082
Rasha,SCE,Sub-centre,"Wangan, SURGANA",Nashik,MAHARASHTRA,20.58764999971174,73.48578299995509,67153,183786
Babhulde,SCE,Sub-centre,"Wadi Chaulher, BAGLAN",Nashik,MAHARASHTRA,20.58999999987773,74.10000000016554,67155,182711
Nagaon,SCE,Sub-centre,"Dabhadi, MALEGAON",Nashik,MAHARASHTRA,20.58999999987773,74.47000000022385,67156,183164
Sherul,SCE,Sub-centre,"Sajvahal, MALEGAON",Nashik,MAHARASHTRA,20.59055000019852,74.6740100000735,67157,183243
Kalwadi,SCE,Sub-centre,"Sajvahal, MALEGAON",Nashik,MAHARASHTRA,20.59055000019852,74.6740100000735,67158,183243
Vadgaon,SCE,Sub-centre,"Sajvahal, MALEGAON",Nashik,MAHARASHTRA,20.590560000522352,74.67402000011924,67159,183243
Sayane Budruk,SCE,Sub-centre,"Sajvahal, MALEGAON",Nashik,MAHARASHTRA,20.590570000004625,74.67403000016498,67160,183243
Karanajgavhan,SCE,Sub-centre,"Sajvahal, MALEGAON",Nashik,MAHARASHTRA,20.590580000327133,74.67404000021072,67161,183243
Koswan,SCE,Sub-centre,"Koswan, KALWAN",Nashik,MAHARASHTRA,20.590772000169757,73.84778699954971,67163,183107
Dahyane Digar,SCE,Sub-centre,"Dahyane Digar, KALWAN",Nashik,MAHARASHTRA,20.600586000135994,73.9701469996084,67167,183080
Karanjul,SCE,Sub-centre,"Chinchpada, SURGANA",Nashik,MAHARASHTRA,20.60295799964512,73.49461999959452,67168,183743
Karanjul K,SCE,Sub-centre,"Chinchpada, SURGANA",Nashik,MAHARASHTRA,20.60295799964512,73.49461999959452,67169,183743
Nirpur,SCE,Sub-centre,"Nave Nirpur, BAGLAN",Nashik,MAHARASHTRA,20.606336000618853,74.11959200049235,67173,182682
Bundhate,SCE,Sub-centre,"Karanjkhed, BAGLAN",Nashik,MAHARASHTRA,20.617965999947952,74.01238500003846,67180,182653
Kandhane,SCE,Sub-centre,"Kandhane, BAGLAN",Nashik,MAHARASHTRA,20.626816000653676,74.10637800005524,67186,182650
Ajang,SCE,Sub-centre,"Ajang, MALEGAON",Nashik,MAHARASHTRA,20.6349739993322,74.45182999975415,67192,183151
Mulane,SCE,Sub-centre,"Kautikpada, BAGLAN",Nashik,MAHARASHTRA,20.637799999612906,74.17705000047437,67194,237156
Nitane,SCE,Sub-centre,"Kautikpada, BAGLAN",Nashik,MAHARASHTRA,20.63781000019776,74.17705000047437,67195,237156
Sawki,SCE,Sub-centre,"Kautikpada, BAGLAN",Nashik,MAHARASHTRA,20.637819999941282,74.17707000056583,67196,237156
Khamkheda,SCE,Sub-centre,"Kautikpada, BAGLAN",Nashik,MAHARASHTRA,20.637819999941282,74.17707000056583,67197,237156
Dangsaundane,SCE,Sub-centre,"Kautikpada, BAGLAN",Nashik,MAHARASHTRA,20.6378300005248,74.17707999971326,67198,237156
Vatar,SCE,Sub-centre,"Vatar, BAGLAN",Nashik,MAHARASHTRA,20.642673999599225,74.1210600003802,67204,182715
Ravalgaon 1,SCE,Sub-centre,"Vaygaon, BAGLAN",Nashik,MAHARASHTRA,20.64721999937409,74.36572000022312,67206,182717
Ragatvihir,SCE,Sub-centre,"Raghatvihir, SURGANA",Nashik,MAHARASHTRA,20.653812999631057,73.42391400063683,67208,183775
Tatani,SCE,Sub-centre,"Kelzar, BAGLAN",Nashik,MAHARASHTRA,20.65590099956107,73.98116599988643,67209,182656
Bijorse,SCE,Sub-centre,"Vadner, MALEGAON",Nashik,MAHARASHTRA,20.68685299976535,74.38737000044166,67228,183267
Salher,SCE,Sub-centre,"Salher, BAGLAN",Nashik,MAHARASHTRA,20.702788000029035,73.93010399933742,67241,182696
Bijote,SCE,Sub-centre,"Bijote, BAGLAN",Nashik,MAHARASHTRA,20.716724999581565,74.20032299949312,67252,182614
Pingalwade,SCE,Sub-centre,"Pingalwade, BAGLAN",Nashik,MAHARASHTRA,20.728527000017273,74.12546400004372,67261,182690
Chirai,SCE,Sub-centre,"Nampur, BAGLAN",Nashik,MAHARASHTRA,20.745819999960005,74.32859000016163,67279,182680
Nampur,SCE,Sub-centre,"Nampur, BAGLAN",Nashik,MAHARASHTRA,20.74583000014663,74.32859999930906,67280,182680
Utrane,SCE,Sub-centre,"Nampur, BAGLAN",Nashik,MAHARASHTRA,20.74583000014663,74.32859999930906,67281,182680
Tembhe,SCE,Sub-centre,"Tembhe, BAGLAN",Nashik,MAHARASHTRA,20.774049000225943,74.31768800005949,67302,182708
Sompur,SCE,Sub-centre,"Bramhanpade, BAGLAN",Nashik,MAHARASHTRA,20.774689999997165,74.23089999976277,67303,182622
Jaikheda,SCE,Sub-centre,"Bramhanpade, BAGLAN",Nashik,MAHARASHTRA,20.774699999953707,74.23090999980847,67304,182622
Taharabad,SCE,Sub-centre,"Taharabad, BAGLAN",Nashik,MAHARASHTRA,20.780789999989782,74.14502800078144,67312,182703
Haranbari,SCE,Sub-centre,"Kharad, BAGLAN",Nashik,MAHARASHTRA,20.795407000023687,74.02119900011165,67325,182720
Daswel,SCE,Sub-centre,"Tungan Digar, BAGLAN",Nashik,MAHARASHTRA,20.816453999574467,74.1210600003802,67352,182712
Mahatmaphulenagar,SCE,Sub-centre,"Golwad, BAGLAN",Nashik,MAHARASHTRA,20.83146300011237,73.97418700012217,67368,182639
Shirsangi,SCE,Sub-centre,"Chuye, KARVIR",Kolhapur,MAHARASHTRA,16.51862999953842,74.16476699962467,10830,178760
Niphad,THO,Taluka Health Office,"Kurudgaon, NIPHAD",Nashik,MAHARASHTRA,20.03660000057893,74.09954999990374,29,183479
Gadhinlgaj,THO,Taluka Health Office,"Gijavane, GADHINGLAJ",Kolhapur,MAHARASHTRA,16.219999999760372,74.3400000002519,253,178528
Vashat Rugnalya Gandhinagar,THO,Taluka Health Office,"Mudsingi, KARVIR",Kolhapur,MAHARASHTRA,16.700000000069366,74.29999999963863,256,178812
Kodoli,THO,Taluka Health Office,"Kodoli, PANHALA",Kolhapur,MAHARASHTRA,16.87000000058733,74.17999999959545,257,178905
Manmad,THO,Taluka Health Office,"Dahegaon Manmad, CHANDVAD",Nashik,MAHARASHTRA,20.29780000046711,74.43979999952276,31,182739
Chandvad,THO,Taluka Health Office,"Chandvad, CHANDVAD",Nashik,MAHARASHTRA,20.319850000149003,74.25790000019917,32,182736
Kalwan,THO,Taluka Health Office,"Navi Bej, KALWAN",Nashik,MAHARASHTRA,20.505550000249237,74.04564000034091,33,183123
